ESID,Data Collector Affiliations,Latitude,Longitude,Local Eclipse Type,Eclipse Percent (%),WAV Files Time & Date Settings,Data Collector Start Time Notes,Eclipse Date,Eclipse Start Time (UTC) (1st Contact),Totality Start Time (UTC) (2nd Contact),Eclipse Maximum (UTC),Totality End Time (UTC) (3rd Contact),Eclipse End Time (UTC) (4th Contact),Version,Keywords and subjects,year
004,,29.4195767,-99.6087549,Total,100,Set with Automated AudioMoth Time Chime,N/A,2024-04-08,17:12:47,18:30:12,18:32:21,18:34:31,19:53:48,2024.1.0,2024 Total Solar Eclipse ,2024
012,,37.464196,-89.77532,Total,100,Set with Automated AudioMoth Time Chime,N/A,2024-04-08,17:41:40,18:58:01,19:00:05,19:02:09,20:17:09,2024.1.0,2024 Total Solar Eclipse ,2024
014,,45.515893,-122.587539,Partial,22.32,Set with Automated AudioMoth Time Chime,N/A,2024-04-08,17:33:39,N/A,18:25:50,N/A,19:19:51,2024.0.0,2024 Total Solar Eclipse ,2024
015,ARISA Lab: Hot Springs National Park,34.51126,-93.06024,Total,100,Set with Automated AudioMoth Time Chime,N/A,2024-04-08,17:31:51,18:49:20,18:51:10,18:53:00,20:10:06,2024.1.0,2024 Total Solar Eclipse: ES Team Collection Site: NPS Collection Site,2024
016,,33.709684,-95.4926622,Total,100,Set with Automated AudioMoth Time Chime,N/A,2024-04-08,17:26:48,18:44:04,18:46:04,18:48:04,20:05:37,2024.1.0,2024 Total Solar Eclipse ,2024
034,,34.0027,-118.25613,Partial,48.89,Set with Automated AudioMoth Time Chime,N/A,2024-04-08,17:05:58,N/A,18:12:08,N/A,19:21:58,2024.0.0,2024 Total Solar Eclipse: ES Data Analysis Site,2024
053,,29.52436,-98.58079,Total,100,Set with Automated AudioMoth Time Chime,N/A,2024-04-08,17:14:28,18:33:19,18:34:15,18:35:12,19:55:38,2024.1.0,2024 Total Solar Eclipse: ES Data Analysis Site,2024
055,Buffalo National River,35.98343,-92.86608,Total,100,Set with Automated AudioMoth Time Chime,N/A,2024-04-08,17:34:39,18:51:51,18:53:27,18:55:03,20:11:41,2024.1.0,2024 Total Solar Eclipse: ES Data Analysis Site: NPS Collection Site,2024
071,,32.8984253,-96.9337889,Total,100,Needs to be set manually,9:15:00 AM US Central,2024-04-08,17:23:14,18:40:53,18:42:30,18:44:07,20:02:29,2024.1.0,2024 Total Solar Eclipse ,2024
073,Nationwide Eclipse Ballooning Project at Montana State University,36.8,-90.4,Total,100,Set with Automated AudioMoth Time Chime,N/A,2024-04-08,17:39:41,18:56:16,18:58:21,19:00:25,20:15:50,2024.1.0,2024 Total Solar Eclipse: ES Data Analysis Site: NEBP Collection Site,2024
078,ARISA Lab,44.74256,-72.58918,Total,100,Set with Automated AudioMoth Time Chime,N/A,2024-04-08,18:15:10,19:26:45,19:28:26,19:30:06,20:37:43,2024.1.0,2024 Total Solar Eclipse: ES Team Collection Site ,2024
089,Nationwide Eclipse Ballooning Project at Montana State University,42.12702,-80.08697,Total,100,Set with Automated AudioMoth Time Chime,N/A,2024-04-08,18:02:19,19:16:16,19:18:08,19:19:59,20:30:44,2024.1.0,2024 Total Solar Eclipse: NEBP Collection Site,2024
092,Nationwide Eclipse Ballooning Project at Montana State University,42.000989,-80.439561,Total,100,Set with Automated AudioMoth Time Chime,N/A,2024-04-08,18:01:40,19:15:43,19:17:35,19:19:27,20:30:21,2024.1.0,2024 Total Solar Eclipse: NEBP Collection Site,2024
096,Nationwide Eclipse Ballooning Project at Montana State University,40.9226,-83.98505,Total,100,Set with Automated AudioMoth Time Chime,N/A,2024-04-08,17:55:11,19:10:07,19:11:58,19:13:48,20:26:09,2024.1.0,2024 Total Solar Eclipse: ES Data Analysis Site: NEBP Collection Site,2024
098,Nationwide Eclipse Ballooning Project at Montana State University,33.89,-94.7515,Total,100,Needs to be set manually,12:07:00 PM US Central,2024-04-08,17:28:13,18:45:23,18:47:33,18:49:42,20:06:57,2024.1.0,2024 Total Solar Eclipse: NEBP Collection Site,2024
102,Nationwide Eclipse Ballooning Project at Montana State University,37.8664,-90.531098,Total,100,Set with Automated AudioMoth Time Chime,N/A,2024-04-08,17:41:11,18:58:43,18:59:22,19:00:01,20:16:22,2024.1.0,2024 Total Solar Eclipse: NEBP Collection Site,2024
103,Nationwide Eclipse Ballooning Project at Montana State University,43.79568,-72.18011,Partial,98.89,Set with Automated AudioMoth Time Chime,N/A,2024-04-08,18:15:10,N/A,19:28:43,N/A,20:38:10,2024.0.0,2024 Total Solar Eclipse: ES Data Analysis Site: NEBP Collection Site,2024
105,Nationwide Eclipse Ballooning Project at Montana State University,29.620494,-99.528884,Total,100,Set with Automated AudioMoth Time Chime,N/A,2024-04-08,17:13:17,18:30:39,18:32:50,18:35:02,19:54:12,2024.1.0,2024 Total Solar Eclipse: NEBP Collection Site,2024
108,Nationwide Eclipse Ballooning Project at Montana State University,42.866523,-78.667772,Total,100,Set with Automated AudioMoth Time Chime,N/A,2024-04-08,18:05:07,19:18:30,19:20:23,19:22:15,20:32:16,2024.1.0,2024 Total Solar Eclipse: ES Data Analysis Site: NEBP Collection Site,2024
115,NASA at My Library,39.93902,-86.26903,Total,100,Set with Automated AudioMoth Time Chime,N/A,2024-04-08,17:50:32,19:06:11,19:07:52,19:09:32,20:23:02,2024.1.0,2024 Total Solar Eclipse: NASA at My Library Collection Site: ES Data Analysis Site,2024
117,NASA at My Library,32.725876,-114.61021,Partial,59.64,Set with Automated AudioMoth Time Chime,N/A,2024-04-08,17:04:53,N/A,18:14:57,N/A,19:28:45,2024.0.0,2024 Total Solar Eclipse: NASA at My Library Collection Site: ES Data Analysis Site,2024
118,NASA at My Library,34.947778,-81.933056,Partial,81.23,Set with Automated AudioMoth Time Chime,N/A,2024-04-08,17:51:40,N/A,19:09:49,N/A,20:24:56,2024.0.0,2024 Total Solar Eclipse: NASA at My Library Collection Site: ES Data Analysis Site,2024
119,NASA at My Library,41.883889,-87.912778,Partial,93.31,Set with Automated AudioMoth Time Chime,N/A,2024-04-08,17:51:00,0:00:00,19:07:12,0:00:00,20:21:34,2024.0.0,2024 Total Solar Eclipse: NASA at My Library Collection Site: ES Data Analysis Site,2024
120,NASA at My Library,31.053038,-97.640924,Total,100,Set with Automated AudioMoth Time Chime,N/A,2024-04-08,17:18:45,18:36:20,18:38:24,18:40:28,19:59:11,2024.1.0,2024 Total Solar Eclipse: NASA at My Library Collection Site: ES Data Analysis Site,2024
121,NASA at My Library,32.833662,-97.272222,Total,100,Set with Automated AudioMoth Time Chime,N/A,2024-04-08,17:22:38,18:40:42,18:41:51,18:42:59,20:01:53,2024.1.0,2024 Total Solar Eclipse: NASA at My Library Collection Site: ES Data Analysis Site,2024
122,NASA at My Library,25.50617936,-80.43085617,Partial,45.81,Set with Automated AudioMoth Time Chime,N/A,2024-04-08,17:46:47,N/A,19:00:56,N/A,20:12:27,2024.0.0,2024 Total Solar Eclipse: NASA at My Library Collection Site: ES Data Analysis Site,2024
124,NASA at My Library,30.351576,-99.270759,Total,100,Set with Automated AudioMoth Time Chime,N/A,2024-04-08,17:15:04,18:32:23,18:34:31,18:36:40,19:55:37,2024.1.0,2024 Total Solar Eclipse: NASA at My Library Collection Site,2024
134,NASA at My Library,35.61292,-93.83612,Total,100,Set with Automated AudioMoth Time Chime,N/A,2024-04-08,17:32:36,18:50:42,18:51:25,18:52:08,20:09:56,2024.1.0,2024 Total Solar Eclipse: NASA at My Library Collection Site: ES Data Analysis Site,2024
136,NASA at My Library,27.670518,-97.32774,Partial,93.06,Needs to be set manually,2:10:00 PM US Central,2024-04-08,17:12:57,N/A,18:33:09,N/A,19:54:55,2024.0.0,2024 Total Solar Eclipse: NASA at My Library Collection Site,2024
138,NASA at My Library,34.56449,-92.3477,Total,100,Set with Automated AudioMoth Time Chime,N/A,2024-04-08,17:33:02,18:51:38,18:52:24,18:53:10,20:11:12,2024.1.0,2024 Total Solar Eclipse: NASA at My Library Collection Site: ES Data Analysis Site,2024
139,NASA at My Library,35.43789,-97.51955,Partial,93.62,Set with Automated AudioMoth Time Chime,N/A,2024-04-08,17:27:14,N/A,18:45:21,N/A,20:04:01,2024.0.0,2024 Total Solar Eclipse: NASA at My Library Collection Site: ES Data Analysis Site,2024
144,NASA at My Library,41.55425,-72.6633606,Partial,91.39,Set with Automated AudioMoth Time Chime,N/A,2024-04-08,18:13:08,N/A,19:27:31,N/A,20:37:39,2024.0.0,2024 Total Solar Eclipse: NASA at My Library Collection Site: ES Data Analysis Site,2024
146,NASA at My Library,32.82625,-97.18712,Total,100,Set with Automated AudioMoth Time Chime,N/A,2024-04-08,17:22:44,18:40:38,18:41:58,18:43:19,20:02:00,2024.1.0,2024 Total Solar Eclipse: NASA at My Library Collection Site: ES Data Analysis Site,2024
147,,32.04413,-106.62485,Partial,80.73,Set with Automated AudioMoth Time Chime,N/A,2024-04-08,17:09:46,N/A,18:25:39,N/A,19:44:25,2024.0.0,2024 Total Solar Eclipse: ES Data Analysis Site,2024
149,NASA at My Library,29.3465422,-99.13989529,Total,100,Set with Automated AudioMoth Time Chime,N/A,2024-04-08,17:13:19,18:31:18,18:33:01,18:34:43,19:54:28,2024.1.0,2024 Total Solar Eclipse: NASA at My Library Collection Site: ES Data Analysis Site,2024
151,NASA at My Library,27.4726593,-99.4748946,Partial,97.89,Needs to be set manually,12:55:00 PM US Central,2024-04-08,17:09:14,N/A,18:29:08,N/A,19:51:09,2024.0.0,2024 Total Solar Eclipse: NASA at My Library Collection Site: ES Data Analysis Site,2024
163,Madison County Library,30.95447,-95.91512,Partial,98.59,Set with Automated AudioMoth Time Chime,N/A,2024-04-08,17:21:10,N/A,18:41:08,N/A,20:01:48,2024.0.0,2024 Total Solar Eclipse: ES Data Analysis Site,2024
167,,30.3537946,-93.1822415,Partial,90.49,Set with Automated AudioMoth Time Chime,N/A,2024-04-08,17:24:37,N/A,18:44:50,N/A,20:05:08,2024.0.0,2024 Total Solar Eclipse: ES Data Analysis Site,2024
169,,30.0328,-99.0905,Total,100,Set with Automated AudioMoth Time Chime,N/A,2024-04-08,17:14:42,18:32:05,18:34:17,18:36:28,19:55:29,2024.1.0,2024 Total Solar Eclipse ,2024
171,South Llano River State Park,30.45075,-99.79952778,Total,100,Set with Automated AudioMoth Time Chime,N/A,2024-04-08,17:14:31,18:32:15,18:33:49,18:35:23,19:54:51,2024.1.0,2024 Total Solar Eclipse: State Park Collection Site: ES Data Analysis Site,2024
172,Guadalupe River State Park,29.860051,-98.4833,Total,100,Set with Automated AudioMoth Time Chime,N/A,2024-04-08,17:15:15,18:33:26,18:35:00,18:36:34,19:56:16,2024.1.0,2024 Total Solar Eclipse: State Park Collection Site: ES Data Analysis Site,2024
174,Old Tunnel State Park,30.1007767,-98.8202804,Total,100,Set with Automated AudioMoth Time Chime,N/A,2024-04-08,17:15:13,18:32:43,18:34:51,18:36:58,19:56:02,2024.1.0,2024 Total Solar Eclipse: State Park Collection Site: ES Data Analysis Site,2024
175,Sul Ross State University-Uvalde,29.21023,-99.77858,Total,100,Set with Automated AudioMoth Time Chime,N/A,2024-04-08,17:12:08,18:29:35,18:31:42,18:33:50,19:53:13,2024.1.0,2024 Total Solar Eclipse: Sul Ross State University Collection Site: ES Data Analysis Site,2024
177,Sul Ross State University-Uvalde,29.22198,-99.73889,Total,100,Set with Automated AudioMoth Time Chime,N/A,2024-04-08,17:12:12,18:29:41,18:31:48,18:33:55,19:53:18,2024.1.0,2024 Total Solar Eclipse: Sul Ross State University Collection Site: ES Data Analysis Site,2024
179,McAllister Park,29.56687,-98.43552,Total,100,Set with Automated AudioMoth Time Chime,N/A,2024-04-08,17:14:46,18:34:06,18:34:35,18:35:03,19:55:56,2024.1.0,Eclipse: Soundscapes: 2024 Total Solar Eclipse: ,2024
186,,41.022639,-82.927076,Total,100,Set with Automated AudioMoth Time Chime,N/A,2024-04-08,17:56:53,19:11:34,19:13:31,19:15:28,20:27:24,2024.1.0,2024 Total Solar Eclipse: ES Data Analysis Site,2024
191,,29.6327,-100.4387,Total,100,Set with Automated AudioMoth Time Chime,N/A,2024-04-08,17:12:02,18:29:28,18:31:21,18:33:14,19:52:41,2024.1.0,2024 Total Solar Eclipse,2024
193,,29.524703,-95.800443,Partial,94.47,Set with Automated AudioMoth Time Chime,N/A,2024-04-08,17:18:47,N/A,18:38:59,N/A,20:00:03,2024.0.0,2024 Total Solar Eclipse: ES Data Analysis Site,2024
196,,33.148493,-95.601458,Total,100,Needs to be set manually,10:25:00 AM US Central,2024-04-08,17:25:38,18:42:53,18:45:04,18:47:14,20:04:52,2024.1.0,2024 Total Solar Eclipse: ES Data Analysis Site,2024
197,CAHOOTS Radio ,27.957222,-97.124167,Partial,93.34,Set with Automated AudioMoth Time Chime,N/A,2024-04-08,17:13:48,N/A,18:34:01,N/A,19:55:41,2024.0.0,2024 Total Solar Eclipse ,2024
198,,32.849779,-97.492761,Partial,99.99,Needs to be set manually,9:18:00 AM US Central,2024-04-08,17:22:21,N/A,18:41:31,N/A,20:01:32,2024.0.0,2024 Total Solar Eclipse ,2024
200,,30.95447,-95.91512,Partial,98.59,Set with Automated AudioMoth Time Chime,N/A,2024-04-08,17:21:10,N/A,18:41:08,N/A,20:01:48,2024.0.0,2024 Total Solar Eclipse: ES Data Analysis Site,2024
201,ARISA Lab: Hot Springs National Park,34.52847,-93.06775,Total,100,Set with Automated AudioMoth Time Chime,N/A,2024-04-08,17:31:52,18:49:19,18:51:11,18:53:02,20:10:06,2024.1.0,2024 Total Solar Eclipse: ES Team Collection Site: NPS Collection Site,2024
204,,29.523398,-95.803043,Partial,94.47,Set with Automated AudioMoth Time Chime,N/A,2024-04-08,17:18:47,N/A,18:38:58,N/A,20:00:03,2024.0.0,2024 Total Solar Eclipse: ES Data Analysis Site,2024
208,,31.84405,-100.9803,Partial,95.39,Set with Automated AudioMoth Time Chime,N/A,2024-04-08,17:15:44,0:00:00,18:34:14,0:00:00,19:54:33,2024.0.0,2024 Total Solar Eclipse ,2024
209,,44.5174,-74.30237,Total,100,Set with Automated AudioMoth Time Chime,N/A,2024-04-08,18:12:40,19:24:36,19:26:23,19:28:11,20:36:19,2024.1.0,2024 Total Solar Eclipse: ES Data Analysis Site,2024
211,,32.43488,-97.661457,Total,100,Set with Automated AudioMoth Time Chime,N/A,2024-04-08,17:21:20,18:39:15,18:40:35,18:41:55,20:00:48,2024.1.0,2024 Total Solar Eclipse ,2024
217,,31.91251,-100.93769,Partial,95.31,Set with Automated AudioMoth Time Chime,N/A,2024-04-08,17:15:55,N/A,18:34:25,N/A,19:54:42,2024.0.0,2024 Total Solar Eclipse ,2024
230,,40.173,-83.086,Total,100,Set with Automated AudioMoth Time Chime,N/A,2024-04-08,17:55:37,19:11:40,19:12:40,19:13:39,20:26:56,2024.1.0,2024 Total Solar Eclipse: ES Data Analysis Site,2024
231,,41.1523219,-82.8789084,Total,100,Set with Automated AudioMoth Time Chime,N/A,2024-04-08,17:57:06,19:11:44,19:13:41,19:15:38,20:27:29,2024.1.0,2024 Total Solar Eclipse ,2024
232,ARISA Lab: Hot Springs National Park,34.53593,-93.02804,Total,100,Needs to be set manually,3:20:00 PM US Central,2024-04-08,17:31:56,18:49:25,18:51:15,18:53:05,20:10:10,2024.1.0,2024 Total Solar Eclipse: ES Team Collection Site: NPS Collection Site,2024
236,,34.863504,-92.4096875,Total,100,Set with Automated AudioMoth Time Chime,N/A,2024-04-08,17:33:27,18:51:02,18:52:42,18:54:22,20:11:23,2024.1.0,2024 Total Solar Eclipse: ES Data Analysis Site,2024
239,,33.26208,-93.87962,Partial,99.93,Set with Automated AudioMoth Time Chime,N/A,2024-04-08,17:28:26,N/A,18:48:04,N/A,20:07:37,2024.0.0,2024 Total Solar Eclipse ,2024
240,,34.866044,-92.412937,Total,100,Set with Automated AudioMoth Time Chime,N/A,2024-04-08,17:33:27,18:51:02,18:52:42,18:54:22,20:11:23,2024.1.0,2024 Total Solar Eclipse: ES Data Analysis Site,2024
242,,35.1145,-92.429,Total,100,Set with Automated AudioMoth Time Chime,N/A,2024-04-08,17:33:50,18:51:02,18:53:00,18:54:58,20:11:35,2024.1.0,2024 Total Solar Eclipse: ES Data Analysis Site,2024
243,,35.83914,-94.04385,Partial,99.57,Set with Automated AudioMoth Time Chime,N/A,2024-04-08,17:32:42,N/A,18:51:23,N/A,20:09:48,2024.0.0,2024 Total Solar Eclipse: ES Data Analysis Site,2024
244,,35.332269,-92.7959,Total,100,Set with Automated AudioMoth Time Chime,N/A,2024-04-08,17:33:39,18:50:34,18:52:42,18:54:50,20:11:14,2024.1.0,2024 Total Solar Eclipse: ES Data Analysis Site,2024
246,,34.589909,-93.982558,Total,100,Set with Automated AudioMoth Time Chime,N/A,2024-04-08,17:30:36,18:47:39,18:49:47,18:51:55,20:08:48,2024.1.0,2024 Total Solar Eclipse ,2024
247,,34.6367689,-92.5131982,Total,100,Set with Automated AudioMoth Time Chime,N/A,2024-04-08,17:32:54,18:50:51,18:52:14,18:53:37,20:11:01,2024.1.0,2024 Total Solar Eclipse ,2024
249,,35.19956,-94.35374,Total,100,Set with Automated AudioMoth Time Chime,N/A,2024-04-08,17:31:08,18:49:10,18:50:02,18:50:54,20:08:47,2024.1.0,2024 Total Solar Eclipse: ES Data Analysis Site,2024
250,,34.4178785,-93.6197584,Total,1900-04-09,Set with Automated AudioMoth Time Chime,N/A,2024-04-08,17:30:50,18:48:03,18:50:08,18:52:13,20:09:11,2024.1.0,2024 Total Solar Eclipse: ES Data Analysis Site,2024
251,"Arkansas School for Mathematics, Sciences, and the Arts",34.52081,-93.0603,Total,100,Set with Automated AudioMoth Time Chime,N/A,2024-04-08,17:31:52,18:49:20,18:51:11,18:53:01,20:10:07,2024.1.0,2024 Total Solar Eclipse ,2024
253,,30.4474,-99.7997,Total,100,Set with Automated AudioMoth Time Chime,N/A,2024-04-08,17:14:31,18:32:14,18:33:48,18:35:23,19:54:51,2024.1.0,2024 Total Solar Eclipse: ES Data Analysis Site,2024
255,,31.93494,-102.302368,Partial,91.91,Set with Automated AudioMoth Time Chime,N/A,2024-04-08,17:14:17,N/A,18:32:16,N/A,19:52:19,2024.0.0,2024 Total Solar Eclipse ,2024
258,Newton Community High School,39.07237,-87.919589,Total,100,Set with Automated AudioMoth Time Chime,N/A,2024-04-08,17:46:52,19:02:59,19:04:37,19:06:15,20:20:33,2024.1.0,2024 Total Solar Eclipse: ES Data Analysis Site,2024
259,,40.7203129,-89.2733188,Partial,94.61,Set with Automated AudioMoth Time Chime,N/A,2024-04-08,17:47:25,N/A,19:04:13,N/A,20:19:27,2024.0.0,2024 Total Solar Eclipse: ES Data Analysis Site,2024
264,,40.5849,-86.66903,Partial,99.28,Set with Automated AudioMoth Time Chime,N/A,2024-04-08,17:50:51,N/A,19:07:51,N/A,20:22:47,2024.0.0,2024 Total Solar Eclipse: ES Data Analysis Site,2024
266,Midwest Society for Acoustic Ecology,41.3122543,-81.3189806,Total,100,Needs to be set manually,11:43:00 AM US Eastern,2024-04-08,17:59:37,19:14:19,19:15:58,19:17:35,20:29:16,2024.1.0,2024 Total Solar Eclipse ,2024
271,,40.0223813,-85.3023171,Total,100,Needs to be set manually,11:30:00 AM US Eastern,2024-04-08,17:52:05,19:07:22,19:09:21,19:11:20,20:24:16,2024.1.0,2024 Total Solar Eclipse ,2024
272,,37.68269,-97.13662,Partial,87.99,Set with Automated AudioMoth Time Chime,N/A,2024-04-08,17:32:00,N/A,18:49:02,N/A,20:06:20,2024.0.0,2024 Total Solar Eclipse: ES Data Analysis Site,2024
273,,41.9648063,-79.9970364,Total,100,Set with Automated AudioMoth Time Chime,N/A,2024-04-08,18:02:17,19:16:27,19:18:09,19:19:51,20:30:48,2024.1.0,2024 Total Solar Eclipse: ES Data Analysis Site,2024
275,Bath County Memorial Library,38.14525,-83.768303,Partial,95.75,Set with Automated AudioMoth Time Chime,N/A,2024-04-08,17:52:05,N/A,19:09:59,N/A,20:25:12,2024.0.0,2024 Total Solar Eclipse ,2024
276,,38.587155,-84.256807,Partial,97.96,Set with Automated AudioMoth Time Chime,N/A,2024-04-08,17:51:51,N/A,19:09:38,N/A,20:24:52,2024.0.0,2024 Total Solar Eclipse: ES Data Analysis Site,2024
278,,30.032047,-89.9615039,Partial,81.7,Set with Automated AudioMoth Time Chime,N/A,2024-04-08,17:29:57,N/A,18:49:57,N/A,20:09:12,2024.0.0,2024 Total Solar Eclipse: ES Data Analysis Site,2024
279,,42.69088,-71.0049,Partial,93.75,Needs to be set manually,10:04:00 AM US Eastern,2024-04-08,18:16:15,N/A,19:29:51,N/A,20:39:07,2024.0.0,2024 Total Solar Eclipse,2024
281,,41.828606,-70.794038,Partial,90.22,Set with Automated AudioMoth Time Chime,N/A,2024-04-08,18:16:09,N/A,19:29:54,N/A,20:39:13,2024.0.0,2024 Total Solar Eclipse: ES Data Analysis Site,2024
282,,42.478016,-73.006385,Partial,95.25,Set with Automated AudioMoth Time Chime,N/A,2024-04-08,18:13:09,N/A,19:27:23,N/A,20:37:28,2024.0.0,2024 Total Solar Eclipse: ES Data Analysis Site,2024
284,,42.12224,-71.40834,Partial,92.05,Set with Automated AudioMoth Time Chime,N/A,2024-04-08,18:15:22,N/A,19:29:14,N/A,20:38:45,2024.0.0,2024 Total Solar Eclipse: ES Data Analysis Site,2024
286,,38.6665,-76.63624,Partial,85.91,Set with Automated AudioMoth Time Chime,N/A,2024-04-08,18:04:40,N/A,19:20:51,N/A,20:33:06,2024.0.0,2024 Total Solar Eclipse: ES Data Analysis Site,2024
288,,29.87778,-99.708056,Total,100,Set with Automated AudioMoth Time Chime,N/A,2024-04-08,17:13:32,18:30:49,18:32:59,18:35:10,19:54:15,2024.1.0,2024 Total Solar Eclipse ,2024
289,,37.557033,-90.668792,Total,100,Set with Automated AudioMoth Time Chime,N/A,2024-04-08,17:40:29,18:57:25,18:58:49,19:00:12,20:15:58,2024.1.0,2024 Total Solar Eclipse: ES Data Analysis Site,2024
290,,42.22264,-73.72216,Partial,95.18,Set with Automated AudioMoth Time Chime,N/A,2024-04-08,18:11:55,0:00:00,19:26:25,0:00:00,20:36:50,2024.0.0,2024 Total Solar Eclipse: ES Data Analysis Site,2024
292,,44.46311,-71.68203,Total,100,Set with Automated AudioMoth Time Chime,N/A,2024-04-08,18:16:15,19:28:56,19:29:25,19:29:53,20:38:30,2024.1.0,2024 Total Solar Eclipse: ES Data Analysis Site,2024
293,,37.484,-89.353,Total,100,Set with Automated AudioMoth Time Chime,N/A,2024-04-08,17:42:20,18:58:42,19:00:46,19:02:50,20:17:44,2024.1.0,2024 Total Solar Eclipse: ES Data Analysis Site,2024
294,,32.20485,-97.65127,Total,100,Set with Automated AudioMoth Time Chime,N/A,2024-04-08,17:20:54,18:38:29,18:40:14,18:42:00,20:00:33,2024.1.0,2024 Total Solar Eclipse ,2024
296,,43.074892,-70.950331,Partial,95.12,Set with Automated AudioMoth Time Chime,N/A,2024-04-08,18:16:32,N/A,19:30:00,N/A,20:39:10,2024.0.0,2024 Total Solar Eclipse: ES Data Analysis Site,2024
297,,33.078899,-94.850061,Total,100,Set with Automated AudioMoth Time Chime,N/A,2024-04-08,17:26:38,18:44:26,18:46:12,18:47:57,20:05:57,2024.1.0,2024 Total Solar Eclipse: ES Data Analysis Site,2024
298,,38.61381667,-90.49445,Partial,98.68,Set with Automated AudioMoth Time Chime,N/A,2024-04-08,17:42:26,N/A,19:00:16,N/A,20:16:51,2024.0.0,2024 Total Solar Eclipse ,2024
301,,42.37164,-83.46766,Partial,98.77,Set with Automated AudioMoth Time Chime,N/A,2024-04-08,17:57:44,N/A,19:13:43,N/A,20:27:04,2024.0.0,2024 Total Solar Eclipse ,2024
303,Parchment Community Library,42.32642,-85.56653,Partial,95.81,Set with Automated AudioMoth Time Chime,N/A,2024-04-08,17:54:47,N/A,19:10:48,N/A,20:24:35,2024.0.0,2024 Total Solar Eclipse: ES Data Analysis Site,2024
305,,31.429475,-97.7591801,Total,100,Set with Automated AudioMoth Time Chime,N/A,2024-04-08,17:19:17,18:36:37,18:38:49,18:41:01,19:59:28,2024.1.0,2024 Total Solar Eclipse ,2024
306,,44.88729,-93.4491,Partial,73.88,Set with Automated AudioMoth Time Chime,N/A,2024-04-08,17:49:14,N/A,19:02:12,N/A,20:14:22,2024.0.0,2024 Total Solar Eclipse: ES Data Analysis Site,2024
310,,38.55626,-90.46249,Partial,98.87,Set with Automated AudioMoth Time Chime,N/A,2024-04-08,17:42:23,N/A,19:00:15,N/A,20:16:52,2024.0.0,2024 Total Solar Eclipse ,2024
312,,39.21961,-94.60044,Partial,88.85,Set with Automated AudioMoth Time Chime,N/A,2024-04-08,17:37:58,N/A,18:54:47,N/A,20:11:12,2024.0.0,2024 Total Solar Eclipse ,2024
313,,37.75965,-89.94976,Total,100,Needs to be set manually,8:48:00 AM US Central,2024-04-08,17:41:52,18:58:22,19:00:09,19:01:56,20:17:06,2024.1.0,2024 Total Solar Eclipse ,2024
314,,37.86796,-89.97304,Total,100,Set with Automated AudioMoth Time Chime,N/A,2024-04-08,17:42:00,18:58:37,19:00:14,19:01:51,20:17:08,2024.1.0,2024 Total Solar Eclipse: ES Data Analysis Site,2024
317,,38.104403,-90.326928,Partial,99.96,Set with Automated AudioMoth Time Chime,N/A,2024-04-08,17:41:51,N/A,18:59:57,N/A,20:16:47,2024.0.0,2024 Total Solar Eclipse: ES Data Analysis Site,2024
319,,37.4758,-93.7394,Partial,95.86,Set with Automated AudioMoth Time Chime,N/A,2024-04-08,17:36:00,N/A,18:53:58,N/A,20:11:29,2024.0.0,2024 Total Solar Eclipse,2024
322,,39.006026,-92.3167252,Partial,94.15,Set with Automated AudioMoth Time Chime,N/A,2024-04-08,17:40:33,N/A,18:57:57,N/A,20:14:29,2024.0.0,2024 Total Solar Eclipse: ES Data Analysis Site,2024
323,,38.879542,-92.302189,Partial,94.56,Set with Automated AudioMoth Time Chime,N/A,2024-04-08,17:40:22,N/A,18:57:50,N/A,20:14:26,2024.0.0,2024 Total Solar Eclipse,2024
325,,33.375983,-88.813215,Partial,89.9,Set with Automated AudioMoth Time Chime,N/A,2024-04-08,17:37:01,N/A,18:56:39,N/A,20:14:55,2024.0.0,2024 Total Solar Eclipse,2024
327,,35.2894316,-82.7642812,Partial,84.01,Set with Automated AudioMoth Time Chime,N/A,2024-04-08,17:50:29,N/A,19:08:49,N/A,20:24:18,2024.0.0,2024 Total Solar Eclipse: ES Data Analysis Site,2024
329,,35.499,-82.608366,Partial,84.46,Set with Automated AudioMoth Time Chime,N/A,2024-04-08,17:51:00,0:00:00,19:09:17,0:00:00,20:24:40,2024.0.0,2024 Total Solar Eclipse: NESEC Collection Site ,2024
331,Gulf of Maine Research Institute,44.7151375,-67.4658051,Partial,97.69,Set with Automated AudioMoth Time Chime,N/A,2024-04-08,18:22:07,N/A,19:34:03,N/A,20:41:34,2024.0.0,2024 Total Solar Eclipse: GMRI Collection Site: ES Data Analysis Site,2024
332,Gulf of Maine Research Institute,46.86885,-68.007957,Total,100,Set with Automated AudioMoth Time Chime,N/A,2024-04-08,18:22:15,19:32:25,19:33:28,19:34:31,20:40:36,2024.1.0,2024 Total Solar Eclipse: GMRI Collection Site: ES Data Analysis Site,2024
333,Gulf of Maine Research Institute,46.7426705,-67.9548206,Total,100,Set with Automated AudioMoth Time Chime,N/A,2024-04-08,18:22:15,19:32:11,19:33:31,19:34:51,20:40:41,2024.1.0,2024 Total Solar Eclipse: GMRI Collection Site: ES Data Analysis Site,2024
334,Gulf of Maine Research Institute,43.9413872,-70.8661975,Partial,98.12,Set with Automated AudioMoth Time Chime,N/A,2024-04-08,18:17:06,N/A,19:30:15,N/A,20:39:12,2024.0.0,2024 Total Solar Eclipse: GMRI Collection Site,2024
336,Gulf of Maine Research Institute,44.41651281,-70.06339023,Partial,98.92,Set with Automated AudioMoth Time Chime,N/A,2024-04-08,18:18:27,N/A,19:31:13,N/A,20:39:45,2024.0.0,2024 Total Solar Eclipse: GMRI Collection Site: ES Data Analysis Site,2024
337,Gulf of Maine Research Institute,46.6848,-67.87248,Total,100,Set with Automated AudioMoth Time Chime,N/A,2024-04-08,18:22:20,19:32:10,19:33:36,19:35:03,20:40:45,2024.1.0,2024 Total Solar Eclipse: GMRI Collection Site: ES Data Analysis Site,2024
339,Gulf of Maine Research Institute,46.1308,-67.82575,Total,100,Set with Automated AudioMoth Time Chime,N/A,2024-04-08,18:22:10,19:32:01,19:33:40,19:35:19,20:40:58,2024.1.0,2024 Total Solar Eclipse: GMRI Collection Site: ES Data Analysis Site,2024
341,,45.05632,-70.20339,Total,100,Set with Automated AudioMoth Time Chime,N/A,2024-04-08,18:18:35,19:30:00,19:31:08,19:32:16,20:39:33,2024.1.0,2024 Total Solar Eclipse: ES Data Analysis Site,2024
343,Alcorn State University,31.88207,-91.14704,Partial,90.38,Set with Automated AudioMoth Time Chime,N/A,2024-04-08,17:30:38,N/A,18:50:38,N/A,20:10:01,2024.0.0,2024 Total Solar Eclipse: ES Data Analysis Site,2024
344,,42.755781,-72.273754,Partial,95.42,Set with Automated AudioMoth Time Chime,N/A,2024-04-08,18:14:25,N/A,19:28:21,N/A,20:38:06,2024.0.0,2024 Total Solar Eclipse: ES Data Analysis Site,2024
345,Ocean County College,40.0066347,-74.1605021,Partial,87.44,Set with Automated AudioMoth Time Chime,N/A,2024-04-08,18:09:48,N/A,19:24:59,N/A,20:35:58,2024.0.0,2024 Total Solar Eclipse ,2024
347,Central State University,39.71116,-83.85999,Total,100,Set with Automated AudioMoth Time Chime,N/A,2024-04-08,17:53:52,19:10:32,19:11:11,19:11:50,20:25:52,2024.1.0,2024 Total Solar Eclipse: ES Data Analysis Site,2024
349,Alcorn State University,31.86939,-91.13199,Partial,90.31,Set with Automated AudioMoth Time Chime,N/A,2024-04-08,17:30:39,N/A,18:50:39,N/A,20:10:01,2024.0.0,2024 Total Solar Eclipse ,2024
350,,43.0413078,-78.4538938,Total,100,Set with Automated AudioMoth Time Chime,N/A,2024-04-08,18:05:36,19:18:52,19:20:44,19:22:36,20:32:30,2024.1.0,2024 Total Solar Eclipse: ES Data Analysis Site,2024
356,Woodstock Public Library,42.04103,-74.12232,Partial,95.01,Needs to be set manually,11:01:00 AM US Eastern,2024-04-08,18:11:12,N/A,19:25:51,N/A,20:36:28,2024.0.0,2024 Total Solar Eclipse: ES Data Analysis Site,2024
361,,44.25295,-75.60812,Total,100,Set with Automated AudioMoth Time Chime,N/A,2024-04-08,18:10:40,19:22:59,19:24:45,19:26:31,20:35:11,2024.1.0,2024 Total Solar Eclipse ,2024
363,,43.246351,-78.709993,Total,100,Set with Automated AudioMoth Time Chime,N/A,2024-04-08,18:05:26,19:18:46,19:20:30,19:22:14,20:32:15,2024.1.0,2024 Total Solar Eclipse: ES Data Analysis Site,2024
367,Clifton Park-Halfmoon Library,42.85830313,-73.79308336,Partial,97.51,Set with Automated AudioMoth Time Chime,N/A,2024-04-08,18:12:14,N/A,19:26:32,N/A,20:36:49,2024.0.0,2024 Total Solar Eclipse: ES Data Analysis Site,2024
368,,42.8751215,-78.7845108,Total,100,Needs to be set manually,11:15:00 AM US Eastern,2024-04-08,18:04:58,19:18:21,19:20:14,19:22:07,20:32:09,2024.1.0,2024 Total Solar Eclipse ,2024
370,Woodward Memorial Library,42.97896,-77.90236,Total,100,Set with Automated AudioMoth Time Chime,N/A,2024-04-08,18:06:20,19:19:37,19:21:25,19:23:13,20:33:02,2024.1.0,2024 Total Solar Eclipse: ES Data Analysis Site,2024
371,,42.206865,-78.135582,Partial,99.99,Set with Automated AudioMoth Time Chime,N/A,2024-04-08,18:05:17,N/A,19:20:45,N/A,20:32:44,2024.0.0,2024 Total Solar Eclipse ,2024
373,Onondaga Middle School,43.009303,-76.1806,Total,100,Set with Automated AudioMoth Time Chime,N/A,2024-04-08,18:08:51,19:23:01,19:23:37,19:24:13,20:34:41,2024.1.0,2024 Total Solar Eclipse: ES Data Analysis Site,2024
375,,40.7831545,-84.0028968,Total,100,Set with Automated AudioMoth Time Chime,N/A,2024-04-08,17:54:59,19:09:54,19:11:50,19:13:45,20:26:05,2024.1.0,2024 Total Solar Eclipse ,2024
376,,40.877923,-81.3836563,Total,100,Set with Automated AudioMoth Time Chime,N/A,2024-04-08,17:59:02,19:15:05,19:15:35,19:16:05,20:29:05,2024.1.0,2024 Total Solar Eclipse: ES Data Analysis Site,2024
377,Dayton Regional STEM School,39.807606,-83.88765,Total,100,Set with Automated AudioMoth Time Chime,N/A,2024-04-08,17:53:57,19:10:07,19:11:13,19:12:19,20:25:52,2024.1.0,2024 Total Solar Eclipse: ES Data Analysis Site,2024
378,,40.7267496,-84.1969452,Total,100,Set with Automated AudioMoth Time Chime,N/A,2024-04-08,17:54:38,19:09:36,19:11:30,19:13:25,20:25:50,2024.1.0,2024 Total Solar Eclipse: ES Data Analysis Site,2024
379,,40.3824626,-82.2925037,Partial,99.97,Set with Automated AudioMoth Time Chime,N/A,2024-04-08,17:57:05,N/A,19:13:57,N/A,20:27:55,2024.0.0,2024 Total Solar Eclipse: ES Data Analysis Site,2024
380,,40.9198853,-83.9845502,Total,100,Set with Automated AudioMoth Time Chime,N/A,2024-04-08,17:55:11,19:10:07,19:11:57,19:13:48,20:26:09,2024.1.0,2024 Total Solar Eclipse ,2024
381,,40.6083288,-82.5102391,Total,100,Set with Automated AudioMoth Time Chime,N/A,2024-04-08,17:57:01,19:12:25,19:13:49,19:15:13,20:27:45,2024.1.0,2024 Total Solar Eclipse: ES Data Analysis Site,2024
382,,40.05753,-82.87494,Partial,99.91,Set with Automated AudioMoth Time Chime,N/A,2024-04-08,17:55:49,N/A,19:12:53,N/A,20:27:08,2024.0.0,2024 Total Solar Eclipse: ES Data Analysis Site,2024
383,,40.7325,-84.183611,Total,100,Set with Automated AudioMoth Time Chime,N/A,2024-04-08,17:54:40,19:09:37,19:11:32,19:13:26,20:25:51,2024.1.0,2024 Total Solar Eclipse: ES Data Analysis Site,2024
384,,40.160117,-82.923983,Total,100,Set with Automated AudioMoth Time Chime,N/A,2024-04-08,17:55:51,19:12:20,19:12:53,19:13:27,20:27:07,2024.1.0,2024 Total Solar Eclipse: ES Data Analysis Site,2024
386,,41.55179,-84.36058,Partial,99.74,Set with Automated AudioMoth Time Chime,N/A,2024-04-08,17:55:27,N/A,19:11:54,N/A,20:25:52,2024.0.0,2024 Total Solar Eclipse: ES Data Analysis Site,2024
387,Clermont County Library,39.0961846,-84.2605954,Partial,99.38,Set with Automated AudioMoth Time Chime,N/A,2024-04-08,17:52:29,N/A,19:10:05,N/A,20:25:07,2024.0.0,2024 Total Solar Eclipse: ES Data Analysis Site,2024
390,Great Parks of Hamilton County,39.2605873,-84.7510839,Total,100,Set with Automated AudioMoth Time Chime,N/A,2024-04-08,17:51:55,19:08:47,19:09:30,19:10:12,20:24:36,2024.1.0,2024 Total Solar Eclipse ,2024
391,,41.3810753,-83.6755355,Total,100,Set with Automated AudioMoth Time Chime,N/A,2024-04-08,17:56:13,19:11:18,19:12:44,19:14:10,20:26:38,2024.1.0,2024 Total Solar Eclipse: ES Data Analysis Site,2024
394,,41.56039,-81.41947,Total,100,Needs to be set manually,10:18:00 AM US Eastern,2024-04-08,17:59:44,19:14:06,19:15:59,19:17:52,20:29:12,2024.1.0,2024 Total Solar Eclipse ,2024
395,,40.7661489,-81.7328776,Total,100,Set with Automated AudioMoth Time Chime,N/A,2024-04-08,17:58:23,19:14:14,19:15:01,19:15:48,20:28:40,2024.1.0,2024 Total Solar Eclipse: ES Data Analysis Site,2024
397,West Woods Nature Center,41.42148,-81.15892,Total,100,Set with Automated AudioMoth Time Chime,N/A,2024-04-08,17:59:58,19:14:34,19:16:15,19:17:55,20:29:28,2024.1.0,2024 Total Solar Eclipse ,2024
399,,39.7174127,-84.1697339,Total,100,Set with Automated AudioMoth Time Chime,N/A,2024-04-08,17:53:24,19:09:29,19:10:44,19:11:59,20:25:30,2024.1.0,2024 Total Solar Eclipse: ES Data Analysis Site,2024
404,,39.88126,-84.03071,Total,100,Set with Automated AudioMoth Time Chime,N/A,2024-04-08,17:53:49,19:09:37,19:11:04,19:12:32,20:25:44,2024.1.0,2024 Total Solar Eclipse: ES Data Analysis Site,2024
407,Ohio State University,40.74097,-84.01915,Total,100,Set with Automated AudioMoth Time Chime,N/A,2024-04-08,17:54:55,19:09:50,19:11:46,19:13:42,20:26:03,2024.1.0,2024 Total Solar Eclipse: ES Data Analysis Site,2024
408,,40.90814,-83.90913,Total,100,Set with Automated AudioMoth Time Chime,N/A,2024-04-08,17:55:17,19:10:11,19:12:03,19:13:56,20:26:14,2024.1.0,2024 Total Solar Eclipse ,2024
414,,41.1929515,-81.3600868,Total,100,Set with Automated AudioMoth Time Chime,N/A,2024-04-08,17:59:25,19:14:20,19:15:49,19:17:18,20:29:11,2024.1.0,2024 Total Solar Eclipse: ES Data Analysis Site,2024
416,Friends Central School,44.50552,-72.86493,Total,100,Set with Automated AudioMoth Time Chime,N/A,2024-04-08,18:14:39,19:26:31,19:28:04,19:29:36,20:37:32,2024.1.0,2024 Total Solar Eclipse: ES Data Analysis Site,2024
418,Blasco Memorial Library,42.139118,-80.087658,Total,100,Set with Automated AudioMoth Time Chime,N/A,2024-04-08,18:02:20,19:16:16,19:18:08,19:19:59,20:30:44,2024.1.0,2024 Total Solar Eclipse: ES Data Analysis Site,2024
419,South Butler Community Library,40.7512005,-79.8129517,Partial,98.09,Set with Automated AudioMoth Time Chime,N/A,2024-04-08,18:01:19,N/A,19:17:41,N/A,20:30:43,2024.0.0,2024 Total Solar Eclipse: ES Data Analysis Site,2024
426,,31.69629,-97.14195,Total,100,Set with Automated AudioMoth Time Chime,N/A,2024-04-08,17:20:41,18:38:06,18:40:16,18:42:26,20:00:47,2024.1.0,2024 Total Solar Eclipse: ES Data Analysis Site,2024
430,,32.6933,-97.43444,Total,100,Set with Automated AudioMoth Time Chime,N/A,2024-04-08,17:22:08,18:40:12,18:41:22,18:42:31,20:01:28,2024.1.0,2024 Total Solar Eclipse: ES Data Analysis Site,2024
431,,32.29904,-96.94812,Total,100,Set with Automated AudioMoth Time Chime,N/A,2024-04-08,17:22:06,18:39:24,18:41:33,18:43:42,20:01:48,2024.1.0,2024 Total Solar Eclipse ,2024
432,,33.087019,-96.7783653,Total,100,Set with Automated AudioMoth Time Chime,N/A,2024-04-08,17:23:48,18:41:33,18:43:03,18:44:33,20:02:57,2024.1.0,2024 Total Solar Eclipse: ES Data Analysis Site,2024
433,,30.04582,-95.58545,Partial,95.42,Set with Automated AudioMoth Time Chime,N/A,2024-04-08,17:20:04,N/A,18:40:12,N/A,20:01:07,2024.0.0,2024 Total Solar Eclipse ,2024
435,,30.465684,-97.639366,Total,100,Set with Automated AudioMoth Time Chime,N/A,2024-04-08,17:17:39,18:36:11,18:37:26,18:38:41,19:58:26,2024.1.0,2024 Total Solar Eclipse: ES Data Analysis Site,2024
437,,29.4637,-98.4715,Partial,99.98,Set with Automated AudioMoth Time Chime,N/A,2024-04-08,17:14:31,N/A,18:34:20,N/A,19:55:44,2024.0.0,2024 Total Solar Eclipse ,2024
439,,32.6841,-95.5414,Total,100,Set with Automated AudioMoth Time Chime,N/A,2024-04-08,17:24:52,18:42:31,18:44:27,18:46:24,20:04:27,2024.1.0,2024 Total Solar Eclipse: ES Data Analysis Site,2024
440,,33.564213,-96.902179,Partial,99.71,Set with Automated AudioMoth Time Chime,N/A,2024-04-08,17:24:32,0:00:00,18:43:34,0:00:00,20:03:15,2024.0.0,2024 Total Solar Eclipse ,2024
441,,33.8163314,-95.6360293,Total,100,Set with Automated AudioMoth Time Chime,N/A,2024-04-08,17:26:48,18:44:13,18:46:00,18:47:47,20:05:30,2024.1.0,2024 Total Solar Eclipse: ES Data Analysis Site,2024
442,,32.7375409,-97.3658345,Total,100,Set with Automated AudioMoth Time Chime,N/A,2024-04-08,17:22:19,18:40:21,18:41:33,18:42:44,20:01:37,2024.1.0,2024 Total Solar Eclipse: ES Data Analysis Site,2024
443,,33.25035,-97.0949,Partial,99.93,Set with Automated AudioMoth Time Chime,N/A,2024-04-08,17:23:40,N/A,18:42:47,N/A,20:02:37,2024.0.0,2024 Total Solar Eclipse ,2024
445,,31.3897866,-97.258821,Total,100,Set with Automated AudioMoth Time Chime,N/A,2024-04-08,17:19:56,18:37:31,18:39:35,18:41:39,20:00:13,2024.1.0,2024 Total Solar Eclipse: ES Data Analysis Site,2024
446,,29.395568,-98.06516,Partial,99.3,Set with Automated AudioMoth Time Chime,N/A,2024-04-08,17:15:00,N/A,18:34:54,N/A,19:56:18,2024.0.0,2024 Total Solar Eclipse ,2024
447,,30.555,-100.595,Partial,99.35,Set with Automated AudioMoth Time Chime,N/A,2024-04-08,17:13:39,N/A,18:32:41,N/A,19:53:38,2024.0.0,2024 Total Solar Eclipse ,2024
448,,30.577333,-97.40484,Total,100,Set with Automated AudioMoth Time Chime,N/A,2024-04-08,17:18:12,18:37:03,18:38:00,18:38:58,19:58:58,2024.1.0,2024 Total Solar Eclipse: ES Data Analysis Site,2024
449,,29.63571,-95.66162,Partial,94.44,Set with Automated AudioMoth Time Chime,N/A,2024-04-08,17:19:12,N/A,18:39:24,N/A,20:00:26,2024.0.0,2024 Total Solar Eclipse ,2024
451,Tye Preston Memorial Library,29.8648113,-98.1906737,Total,100,Set with Automated AudioMoth Time Chime,N/A,2024-04-08,17:15:41,18:34:36,18:35:30,18:36:23,19:56:45,2024.1.0,2024 Total Solar Eclipse ,2024
452,,29.7784107,-98.2539232,Total,100,Set with Automated AudioMoth Time Chime,N/A,2024-04-08,17:15:26,18:34:29,18:35:15,18:36:00,19:56:31,2024.1.0,2024 Total Solar Eclipse ,2024
455,,33.71871,-96.77973,Partial,99.61,Set with Automated AudioMoth Time Chime,N/A,2024-04-08,17:24:59,N/A,18:44:00,N/A,20:03:36,2024.0.0,2024 Total Solar Eclipse ,2024
457,,33.11466,-94.3144,Total,100,Set with Automated AudioMoth Time Chime,N/A,2024-04-08,17:27:30,18:46:14,18:47:08,18:48:01,20:06:48,2024.1.0,2024 Total Solar Eclipse: ES Data Analysis Site,2024
462,,37.60588,-78.06375,Partial,84.18,Set with Automated AudioMoth Time Chime,N/A,2024-04-08,18:01:19,N/A,19:18:05,N/A,20:31:06,2024.0.0,2024 Total Solar Eclipse ,2024
465,Columbia Pike Library,38.8849078,-77.1059869,Partial,87.43,Set with Automated AudioMoth Time Chime,N/A,2024-04-08,18:04:02,N/A,19:20:19,N/A,20:32:45,2024.0.0,2024 Total Solar Eclipse: ES Data Analysis Site,2024
466,,44.5110415,-73.047787,Total,100,Set with Automated AudioMoth Time Chime,N/A,2024-04-08,18:04:02,N/A,19:20:19,N/A,20:32:45,2024.1.0,2024 Total Solar Eclipse: ES Data Analysis Site,2024
468,St Bruno Parish School,42.93360547,-88.41675647,Partial,89,Set with Automated AudioMoth Time Chime,N/A,2024-04-08,17:13:42,N/A,18:32:36,N/A,19:53:27,2024.0.0,2024 Total Solar Eclipse ,2024
469,,38.69497,-79.53286,Partial,90.54,Set with Automated AudioMoth Time Chime,N/A,2024-04-08,17:51:54,N/A,19:07:22,N/A,20:21:06,2024.0.0,2024 Total Solar Eclipse ,2024
473,,42.77166,-78.64419,Total,100,Set with Automated AudioMoth Time Chime,N/A,2024-04-08,18:05:04,19:18:31,19:20:22,19:22:13,20:32:17,2024.1.0,2024 Total Solar Eclipse ,2024
477,,41.0243581,-81.4439091,Total,100,Set with Automated AudioMoth Time Chime,N/A,2024-04-08,17:59:06,19:14:23,19:15:36,19:16:48,20:29:03,2024.1.0,2024 Total Solar Eclipse: ES Data Analysis Site,2024
491,,31.5757132,-97.65713,Total,100,Set with Automated AudioMoth Time Chime,N/A,2024-04-08,17:19:43,18:37:02,18:39:13,18:41:25,19:59:48,2024.1.0,2024 Total Solar Eclipse: ES Data Analysis Site,2024
496,,44.7458793,-72.9912134,Total,100,Set with Automated AudioMoth Time Chime,N/A,2024-04-08,18:14:38,19:26:13,19:27:58,19:29:43,20:37:23,2024.1.0,2024 Total Solar Eclipse: ES Data Analysis Site,2024
501,,33.544351,-95.085369,Total,100,Set with Automated AudioMoth Time Chime,N/A,2024-04-08,17:27:06,18:44:20,18:46:30,18:48:40,20:06:05,2024.1.0,2024 Total Solar Eclipse: ES Data Analysis Site,2024
502,George Rogers Clark National Historical Park,38.67891,-87.53814,Total,100,Set with Automated AudioMoth Time Chime,N/A,2024-04-08,17:46:52,19:02:45,19:04:48,19:06:50,20:20:51,2024.1.0,2024 Total Solar Eclipse: ES Data Analysis Site: NPS Collection Site,2024
504,Buffalo National River,36.089254,-92.54893,Total,100,Set with Automated AudioMoth Time Chime,N/A,2024-04-08,17:35:18,18:52:19,18:54:05,18:55:51,20:12:14,2024.1.0,2024 Total Solar Eclipse: ES Data Analysis Site: NPS Collection Site,2024
505,Dayton Aviation Heritage National Historical Park,39.7125,-84.152222,Total,100,Set with Automated AudioMoth Time Chime,N/A,2024-04-08,17:53:25,19:09:32,19:10:46,19:11:58,20:25:31,2024.1.0,2024 Total Solar Eclipse: ES Data Analysis Site: NPS Collection Site,2024
509,James A. Garfield National Historic Site,41.6658722,-81.3504124,Total,100,Set with Automated AudioMoth Time Chime,N/A,2024-04-08,17:59:58,19:14:14,19:16:09,19:18:03,20:29:18,2024.1.0,Eclipse: Soundscapes: 2024 Total Solar Eclipse: ,2024
515,Mark Paul Terk Charitable Trust,29.344468,-99.986807,Total,100,Needs to be set manually,3:24:00 PM US Central,2024-04-08,17:12:06,18:29:23,18:31:36,18:33:49,19:53:03,2024.1.0,2024 Total Solar Eclipse,2024
516,Mark Paul Terk Charitable Trust,29.34487,-99.983234,Total,100,Set with Automated AudioMoth Time Chime,N/A,2024-04-08,17:12:06,18:29:23,18:31:36,18:33:49,19:53:04,2024.1.0,2024 Total Solar Eclipse: ES Data Analysis Site,2024
517,Mark Paul Terk Charitable Trust,29.345988,-99.97628,Total,100,Set with Automated AudioMoth Time Chime,N/A,2024-04-08,17:12:07,18:29:24,18:31:37,18:33:50,19:53:05,2024.1.0,2024 Total Solar Eclipse: ES Data Analysis Site,2024
518,Mark Paul Terk Charitable Trust,29.35396,-99.968933,Total,100,Set with Automated AudioMoth Time Chime,N/A,2024-04-08,17:12:08,18:29:25,18:31:38,18:33:52,19:53:06,2024.1.0,2024 Total Solar Eclipse: ,2024
519,ARISA Lab: Hot Springs National Park,34.51015,-93.10025,Total,100,Set with Automated AudioMoth Time Chime,N/A,2024-04-08,17:31:47,18:49:14,18:51:06,18:52:58,20:10:02,2024.1.0,2024 Total Solar Eclipse: ES Data Analysis Site: NPS Collection Site,2024
530,,37.2829,-89.165,Total,100,Set with Automated AudioMoth Time Chime,N/A,2024-04-08,17:42:19,18:58:55,19:00:50,19:02:44,20:17:51,2024.1.0,2024 Total Solar Eclipse: ES Data Analysis Site,2024
656,Sounds of Nature,40.10586,-88.2015,Partial,98.32,Set with Automated AudioMoth Time Chime,N/A,2024-04-08,17:47:59,0:00:00,19:05:12,0:00:00,20:20:38,2024.0.0,2024 Total Solar Eclipse: Sounds of Nature Collection Site: ES Data Analysis Site,2024
657,Sounds of Nature,37.48431,-89.089,Total,100,Set with Automated AudioMoth Time Chime,N/A,2024-04-08,17:42:44,18:59:10,19:01:10,19:03:11,20:18:05,2024.1.0,2024 Total Solar Eclipse: Sounds of Nature Collection Site: ES Data Analysis Site,2024
659,Sounds of Nature,38.44125,-90.1341,Partial,99.61,Set with Automated AudioMoth Time Chime,N/A,2024-04-08,17:42:40,0:00:00,19:00:37,0:00:00,20:17:15,2024.0.0,2024 Total Solar Eclipse: Sounds of Nature Collection Site: ES Data Analysis Site,2024
660,Sounds of Nature,37.62845,-89.0032,Total,100,Set with Automated AudioMoth Time Chime,N/A,2024-04-08,17:43:05,18:59:25,19:01:28,19:03:30,20:18:18,2024.1.0,2024 Total Solar Eclipse: Sounds of Nature Collection Site: ES Data Analysis Site,2024
661,Sounds of Nature,41.36841,-88.202,Partial,94.46,Set with Automated AudioMoth Time Chime,N/A,2024-04-08,17:49:51,0:00:00,19:06:20,0:00:00,20:21:04,2024.0.0,2024 Total Solar Eclipse: Sounds of Nature Collection Site: ES Data Analysis Site,2024
664,Sounds of Nature,37.67213,-88.1794,Total,100,Set with Automated AudioMoth Time Chime,N/A,2024-04-08,17:44:25,19:01:08,19:02:47,19:04:26,20:19:25,2024.1.0,2024 Total Solar Eclipse: Sounds of Nature Collection Site,2024
665,Sounds of Nature,39.77373,-87.0203,Total,100,Set with Automated AudioMoth Time Chime,N/A,2024-04-08,17:49:12,19:05:22,19:06:37,19:07:51,20:22:02,2024.1.0,2024 Total Solar Eclipse: Sounds of Nature Collection Site: ES Data Analysis Site,2024
666,Sounds of Nature,37.65459,-89.1693,Total,100,Set with Automated AudioMoth Time Chime,N/A,2024-04-08,17:42:52,18:59:10,19:01:14,19:03:18,20:18:05,2024.1.0,2024 Total Solar Eclipse: Sounds of Nature Collection Site: ES Data Analysis Site,2024
667,Sounds of Nature,37.57629,-88.9146,Total,100,Set with Automated AudioMoth Time Chime,N/A,2024-04-08,17:43:08,18:59:33,19:01:32,19:03:32,20:18:23,2024.1.0,2024 Total Solar Eclipse: Sounds of Nature Collection Site: ES Data Analysis Site,2024
668,Sounds of Nature,37.62061,-88.6159,Total,100,Set with Automated AudioMoth Time Chime,N/A,2024-04-08,17:43:40,19:00:09,19:02:03,19:03:57,20:18:49,2024.1.0,2024 Total Solar Eclipse: Sounds of Nature Collection Site: ES Data Analysis Site,2024
670,Sounds of Nature,37.61979,-88.8876,Total,100,Set with Automated AudioMoth Time Chime,N/A,2024-04-08,17:43:15,18:59:37,19:01:38,19:03:38,20:18:27,2024.1.0,2024 Total Solar Eclipse: Sounds of Nature Collection Site: ES Data Analysis Site,2024
674,Sounds of Nature,40.35665,-88.9752,Partial,96.27,Set with Automated AudioMoth Time Chime,N/A,2024-04-08,17:47:16,0:00:00,19:04:18,0:00:00,20:19:43,2024.0.0,2024 Total Solar Eclipse: Sounds of Nature Collection Site: ES Data Analysis Site,2024
675,Sounds of Nature,37.7226,-89.2305,Total,100,Set with Automated AudioMoth Time Chime,N/A,2024-04-08,17:42:53,18:59:09,19:01:13,19:03:17,20:18:03,2024.1.0,2024 Total Solar Eclipse: Sounds of Nature Collection Site: ES Data Analysis Site,2024
676,Sounds of Nature,38.1051,-90.0979,Total,100,Set with Automated AudioMoth Time Chime,N/A,2024-04-08,17:42:11,18:59:29,19:00:18,19:01:07,20:17:06,2024.1.0,2024 Total Solar Eclipse: Sounds of Nature Collection Site: ES Data Analysis Site,2024
677,Sounds of Nature,39.64256,-89.6587,Partial,97.22,Set with Automated AudioMoth Time Chime,N/A,2024-04-08,17:45:14,0:00:00,19:02:36,0:00:00,20:18:30,2024.0.0,2024 Total Solar Eclipse: Sounds of Nature Collection Site: ES Data Analysis Site,2024
679,Sounds of Nature,41.78628,-87.9255,Partial,93.6,Set with Automated AudioMoth Time Chime,N/A,2024-04-08,17:50:50,0:00:00,19:07:06,0:00:00,20:21:32,2024.0.0,2024 Total Solar Eclipse: Sounds of Nature Collection Site: ES Data Analysis Site,2024
681,Sounds of Nature,37.67215,-89.2631,Total,100,Set with Automated AudioMoth Time Chime,N/A,2024-04-08,17:42:45,18:59:02,19:01:07,19:03:11,20:17:59,2024.1.0,2024 Total Solar Eclipse: Sounds of Nature Collection Site: ES Data Analysis Site,2024
682,Sounds of Nature,40.55217,-89.6416,Partial,94.47,Set with Automated AudioMoth Time Chime,N/A,2024-04-08,17:46:40,0:00:00,19:03:31,0:00:00,20:18:54,2024.0.0,2024 Total Solar Eclipse: Sounds of Nature Collection Site: ES Data Analysis Site,2024
683,Sounds of Nature,39.00586,-87.7389,Total,100,Set with Automated AudioMoth Time Chime,N/A,2024-04-08,17:47:02,19:02:59,19:04:49,19:06:39,20:20:45,2024.1.0,2024 Total Solar Eclipse: Sounds of Nature Collection Site: ES Data Analysis Site,2024
684,Sounds of Nature,37.7246,-89.2454,Total,100,Set with Automated AudioMoth Time Chime,N/A,2024-04-08,17:42:52,18:59:07,19:01:12,19:03:16,20:18:02,2024.1.0,2024 Total Solar Eclipse: Sounds of Nature Collection Site: ES Data Analysis Site,2024
685,Sounds of Nature,37.83484,-89.3815,Total,100,Set with Automated AudioMoth Time Chime,N/A,2024-04-08,17:42:50,18:59:06,19:01:06,19:03:07,20:17:55,2024.1.0,2024 Total Solar Eclipse: Sounds of Nature Collection Site: ES Data Analysis Site,2024
686,Sounds of Nature,37.77625,-89.378,Total,100,Set with Automated AudioMoth Time Chime,N/A,2024-04-08,17:42:45,18:59:01,19:01:03,19:03:05,20:17:53,2024.1.0,2024 Total Solar Eclipse: Sounds of Nature Collection Site: ES Data Analysis Site,2024
688,Sounds of Nature,40.53005,-90.2607,Partial,93.39,Set with Automated AudioMoth Time Chime,N/A,2024-04-08,17:45:48,0:00:00,19:02:36,0:00:00,20:18:03,2024.0.0,2024 Total Solar Eclipse: Sounds of Nature Collection Site: ES Data Analysis Site,2024
689,Sounds of Nature,37.52483,-88.8577,Total,100,Set with Automated AudioMoth Time Chime,N/A,2024-04-08,17:43:09,18:59:38,19:01:34,19:03:31,20:18:26,2024.1.0,2024 Total Solar Eclipse: Sounds of Nature Collection Site: ES Data Analysis Site,2024
690,Sounds of Nature,37.63287,-89.2328,Total,100,Set with Automated AudioMoth Time Chime,N/A,2024-04-08,17:42:45,18:59:02,19:01:07,19:03:11,20:18:00,2024.1.0,2024 Total Solar Eclipse: Sounds of Nature Collection Site: ES Data Analysis Site,2024
691,Sounds of Nature,39.79936,-89.6436,Partial,96.78,Set with Automated AudioMoth Time Chime,N/A,2024-04-08,17:45:29,0:00:00,19:02:47,0:00:00,20:18:36,2024.0.0,2024 Total Solar Eclipse: Sounds of Nature Collection Site: ES Data Analysis Site,2024
692,Sounds of Nature,41.888649,-87.787453,Partial,97.64,Set with Automated AudioMoth Time Chime,N/A,2024-04-08,17:50:58,0:00:00,19:07:44,0:00:00,20:22:30,2024.0.0,2024 Total Solar Eclipse: Sounds of Nature Collection Site: ES Data Analysis Site,2024
693,Sounds of Nature,37.61196,-89.2399,Total,100,Set with Automated AudioMoth Time Chime,N/A,2024-04-08,17:42:42,18:59:00,19:01:05,19:03:09,20:17:58,2024.1.0,2024 Total Solar Eclipse: Sounds of Nature Collection Site: ES Data Analysis Site,2024
694,Sounds of Nature,40.63586,-89.5118,Partial,94.44,Set with Automated AudioMoth Time Chime,N/A,2024-04-08,17:46:58,0:00:00,19:03:47,0:00:00,20:19:06,2024.0.0,2024 Total Solar Eclipse: Sounds of Nature Collection Site: ES Data Analysis Site,2024
695,Sounds of Nature,38.02764,-89.0128,Total,100,Set with Automated AudioMoth Time Chime,N/A,2024-04-08,17:43:41,18:59:52,19:01:53,19:03:54,20:18:32,2024.1.0,2024 Total Solar Eclipse: Sounds of Nature Collection Site: ES Data Analysis Site,2024
696,Sounds of Nature,40.86539,-90.3474,Partial,92.17,Set with Automated AudioMoth Time Chime,N/A,2024-04-08,17:46:13,0:00:00,19:02:48,0:00:00,20:18:03,2024.0.0,2024 Total Solar Eclipse: Sounds of Nature Collection Site: ES Data Analysis Site,2024
698,Sounds of Nature,42.5542,-90.6961,Partial,86.14,Set with Automated AudioMoth Time Chime,N/A,2024-04-08,17:48:29,0:00:00,19:03:53,0:00:00,20:18:00,2024.0.0,2024 Total Solar Eclipse: Sounds of Nature Collection Site: ES Data Analysis Site,2024
699,Sounds of Nature,40.72644,-89.5041,Partial,94.17,Set with Automated AudioMoth Time Chime,N/A,2024-04-08,17:47:07,0:00:00,19:03:53,0:00:00,20:19:09,2024.0.0,2024 Total Solar Eclipse: Sounds of Nature Collection Site: ES Data Analysis Site,2024
700,Sounds of Nature,37.71174,-89.2772,Total,100,Set with Automated AudioMoth Time Chime,N/A,2024-04-08,17:42:48,18:59:04,19:01:08,19:03:12,20:17:59,2024.1.0,2024 Total Solar Eclipse: Sounds of Nature Collection Site: ES Data Analysis Site,2024
703,Sounds of Nature,37.71623,-89.2283,Total,100,Set with Automated AudioMoth Time Chime,N/A,2024-04-08,17:42:53,18:59:08,19:01:13,19:03:17,20:18:03,2024.1.0,2024 Total Solar Eclipse: Sounds of Nature Collection Site: ES Data Analysis Site,2024
704,Sounds of Nature,39.7379,-90.4375,Partial,95.52,Set with Automated AudioMoth Time Chime,N/A,2024-04-08,17:44:18,0:00:00,19:01:32,0:00:00,20:17:29,2024.0.0,2024 Total Solar Eclipse: Sounds of Nature Collection Site: ES Data Analysis Site,2024
705,Sounds of Nature,40.69299,-89.7884,Partial,93.75,Set with Automated AudioMoth Time Chime,N/A,2024-04-08,17:46:41,0:00:00,19:03:27,0:00:00,20:18:45,2024.0.0,2024 Total Solar Eclipse: Sounds of Nature Collection Site: ES Data Analysis Site,2024
706,Sounds of Nature,37.45517,-89.2612,Total,100,Set with Automated AudioMoth Time Chime,N/A,2024-04-08,17:42:26,18:58:50,19:00:52,19:02:55,20:17:50,2024.1.0,2024 Total Solar Eclipse: Sounds of Nature Collection Site: ES Data Analysis Site,2024
707,Sounds of Nature,37.70528,-89.3763,Total,100,Set with Automated AudioMoth Time Chime,N/A,2024-04-08,17:42:38,18:58:55,19:00:58,19:03:02,20:17:51,2024.1.0,2024 Total Solar Eclipse: Sounds of Nature Collection Site: ES Data Analysis Site,2024
710,Sounds of Nature,40.69459,-89.5904,Partial,94.11,Set with Automated AudioMoth Time Chime,N/A,2024-04-08,17:46:57,0:00:00,19:03:44,0:00:00,20:19:01,2024.0.0,2024 Total Solar Eclipse: Sounds of Nature Collection Site: ES Data Analysis Site,2024
711,Sounds of Nature,41.91337,-88.3156,Partial,92.51,Set with Automated AudioMoth Time Chime,N/A,2024-04-08,17:50:31,0:00:00,19:06:39,0:00:00,20:21:03,2024.0.0,2024 Total Solar Eclipse: Sounds of Nature Collection Site: ES Data Analysis Site,2024
712,Sounds of Nature,38.25294,-88.8548,Total,100,Set with Automated AudioMoth Time Chime,N/A,2024-04-08,17:44:15,19:00:25,19:02:22,19:04:18,20:18:53,2024.1.0,2024 Total Solar Eclipse: Sounds of Nature Collection Site: ES Data Analysis Site,2024
715,Sounds of Nature,37.71448,-88.8388,Total,100,Set with Automated AudioMoth Time Chime,N/A,2024-04-08,17:43:28,18:59:46,19:01:49,19:03:50,20:18:34,2024.1.0,2024 Total Solar Eclipse: Sounds of Nature Collection Site: ES Data Analysis Site,2024
718,Sounds of Nature,40.68258,-89.5438,Partial,94.24,Set with Automated AudioMoth Time Chime,N/A,2024-04-08,17:47:00,0:00:00,19:03:47,0:00:00,20:19:05,2024.0.0,2024 Total Solar Eclipse: Sounds of Nature Collection Site: ES Data Analysis Site,2024
719,Sounds of Nature,40.70346,-89.4037,Partial,94.43,Set with Automated AudioMoth Time Chime,N/A,2024-04-08,17:47:13,0:00:00,19:04:01,0:00:00,20:19:16,2024.0.0,2024 Total Solar Eclipse: Sounds of Nature Collection Site: ES Data Analysis Site,2024
720,Sounds of Nature,38.1051,-90.0979,Total,100,Set with Automated AudioMoth Time Chime,N/A,2024-04-08,17:42:11,18:59:29,19:00:18,19:01:07,20:17:06,2024.1.0,2024 Total Solar Eclipse: Sounds of Nature Collection Site: ES Data Analysis Site,2024
724,Sounds of Nature,37.60776,-89.2388,Total,100,Set with Automated AudioMoth Time Chime,N/A,2024-04-08,17:42:42,18:59:00,19:01:04,19:03:09,20:17:58,2024.1.0,2024 Total Solar Eclipse: Sounds of Nature Collection Site: ES Data Analysis Site,2024
726,Sounds of Nature,38.54339,-89.0925,Total,100,Set with Automated AudioMoth Time Chime,N/A,2024-04-08,17:44:21,19:00:57,19:02:18,19:03:40,20:18:43,2024.1.0,2024 Total Solar Eclipse: Sounds of Nature Collection Site: ES Data Analysis Site,2024
727,Sounds of Nature,40.42623,-90.0291,Partial,94.15,Set with Automated AudioMoth Time Chime,N/A,2024-04-08,17:45:57,0:00:00,19:02:50,0:00:00,20:18:20,2024.0.0,2024 Total Solar Eclipse: Sounds of Nature Collection Site: ES Data Analysis Site,2024
728,Sounds of Nature,38.91429,-90.0384,Partial,98.63,Set with Automated AudioMoth Time Chime,N/A,2024-04-08,17:43:33,0:00:00,19:01:16,0:00:00,20:17:38,2024.0.0,2024 Total Solar Eclipse: Sounds of Nature Collection Site: ES Data Analysis Site,2024
729,Sounds of Nature,41.44734,-88.7624,Partial,93.22,Set with Automated AudioMoth Time Chime,N/A,2024-04-08,17:49:13,0:00:00,19:05:37,0:00:00,20:20:21,2024.0.0,2024 Total Solar Eclipse: Sounds of Nature Collection Site: ES Data Analysis Site,2024
730,Sounds of Nature,40.73498,-89.5552,Partial,94.05,Set with Automated AudioMoth Time Chime,N/A,2024-04-08,17:47:04,0:00:00,19:03:49,0:00:00,20:19:05,2024.0.0,2024 Total Solar Eclipse: Sounds of Nature Collection Site: ES Data Analysis Site,2024
732,Sounds of Nature,37.24242,-89.1192,Total,100,Set with Automated AudioMoth Time Chime,N/A,2024-04-08,17:42:19,18:59:01,19:00:51,19:02:42,20:17:53,2024.1.0,2024 Total Solar Eclipse: Sounds of Nature Collection Site: ES Data Analysis Site,2024
733,Sounds of Nature,37.68828,-89.1277,Total,100,Set with Automated AudioMoth Time Chime,N/A,2024-04-08,17:42:59,18:59:16,19:01:20,19:03:24,20:18:10,2024.1.0,2024 Total Solar Eclipse: Sounds of Nature Collection Site: ES Data Analysis Site,2024
736,Sounds of Nature,37.71765,-89.2346,Total,100,Set with Automated AudioMoth Time Chime,N/A,2024-04-08,17:42:52,18:59:08,19:01:12,19:03:16,20:18:03,2024.1.0,2024 Total Solar Eclipse: Sounds of Nature Collection Site: ES Data Analysis Site,2024
738,Sounds of Nature,37.72284,-89.3517,Total,100,Set with Automated AudioMoth Time Chime,N/A,2024-04-08,17:42:42,18:58:58,19:01:02,19:03:05,20:17:53,2024.1.0,2024 Total Solar Eclipse: Sounds of Nature Collection Site: ES Data Analysis Site,2024
739,Sounds of Nature,37.72528,-89.2167,Total,100,Set with Automated AudioMoth Time Chime,N/A,2024-04-08,17:42:54,18:59:10,19:01:14,19:03:18,20:18:04,2024.1.0,2024 Total Solar Eclipse: Sounds of Nature Collection Site: ES Data Analysis Site,2024
740,Sounds of Nature,37.75332,-89.0672,Total,100,Set with Automated AudioMoth Time Chime,N/A,2024-04-08,17:43:11,18:59:26,19:01:30,19:03:34,20:18:17,2024.1.0,2024 Total Solar Eclipse: Sounds of Nature Collection Site: ES Data Analysis Site,2024
741,Sounds of Nature,37.71643,-89.3765,Total,100,Set with Automated AudioMoth Time Chime,N/A,2024-04-08,17:42:39,18:58:56,19:00:59,19:03:02,20:17:51,2024.1.0,2024 Total Solar Eclipse: Sounds of Nature Collection Site: ES Data Analysis Site,2024
747,Sounds of Nature,37.67464,-89.2656,Total,100,Set with Automated AudioMoth Time Chime,N/A,2024-04-08,17:42:45,18:59:02,19:01:06,19:03:11,20:17:58,2024.1.0,2024 Total Solar Eclipse: Sounds of Nature Collection Site: ES Data Analysis Site,2024
748,Sounds of Nature,38.61252,-90.3128,Partial,98.97,Set with Automated AudioMoth Time Chime,N/A,2024-04-08,17:42:41,0:00:00,19:00:32,0:00:00,20:17:06,2024.0.0,2024 Total Solar Eclipse: Sounds of Nature Collection Site: ES Data Analysis Site,2024
755,,29.67675,-98.62011,Total,100,Set with Automated AudioMoth Time Chime,N/A,2024-04-08,17:14:42,18:33:00,18:34:27,18:35:54,19:55:47,2024.1.0,2024 Total Solar Eclipse: ES Data Analysis Site,2024
756,Samuell Farm,32.783939,-96.585562,Total,100,Set with Automated AudioMoth Time Chime,N/A,2024-04-08,17:23:31,18:40:51,18:42:54,18:44:57,20:02:55,2024.1.0,2024 Total Solar Eclipse: ES Data Analysis Site,2024
757,Bracken Cave Preserve,29.68731,-98.35259,Total,100,Set with Automated AudioMoth Time Chime,N/A,2024-04-08,17:15:07,18:34:10,18:34:55,18:35:41,19:56:14,2024.1.0,2024 Total Solar Eclipse: ES Data Analysis Site,2024
758,Government Canyon State Park,29.55279,-98.74542,Total,100,Set with Automated AudioMoth Time Chime,N/A,2024-04-08,17:14:17,18:32:36,18:34:02,18:35:28,19:55:25,2024.1.0,2024 Total Solar Eclipse: State Park Collection Site: ES Data Analysis Site,2024
759,Sul Ross State University,28.7111,-100.46128,Total,100,Set with Automated AudioMoth Time Chime,N/A,2024-04-08,17:10:11,18:27:30,18:29:41,18:31:53,19:51:22,2024.1.0,2024 Total Solar Eclipse: Sul Ross State University Collection Site: ES Data Analysis Site,2024
760,Sul Ross State University,29.38291,-100.92381,Total,100,Set with Automated AudioMoth Time Chime,N/A,2024-04-08,17:10:52,18:28:30,18:30:07,18:31:43,19:51:31,2024.1.0,2024 Total Solar Eclipse: Sul Ross State University Collection Site,2024
761,Sul Ross State University,28.85925,-100.52555,Total,100,Set with Automated AudioMoth Time Chime,N/A,2024-04-08,17:10:23,18:27:37,18:29:51,18:32:04,19:51:28,2024.1.0,2024 Total Solar Eclipse: Sul Ross State University Collection Site: ES Data Analysis Site,2024
762,Enchanted Ranch,30.386361,-98.860931,Total,100,Set with Automated AudioMoth Time Chime,N/A,2024-04-08,17:15:43,18:33:03,18:35:16,18:37:28,19:56:20,2024.1.0,2024 Total Solar Eclipse: ES Data Analysis Site,2024
763,Althaus Ranch,30.19588,-98.83707,Total,100,Set with Automated AudioMoth Time Chime,N/A,2024-04-08,17:15:23,18:32:48,18:34:59,18:37:09,19:56:08,2024.1.0,2024 Total Solar Eclipse: ES Data Analysis Site,2024
764,Enchanted Rock State Natural Area,30.493044,-98.832651,Total,100,Needs to be set manually,10:20:00 AM US Central,2024-04-08,17:15:57,18:33:17,18:35:29,18:37:42,19:56:31,2024.1.0,2024 Total Solar Eclipse: State Park Collection Site: ES Data Analysis Site,2024
768,,23.3051,-106.4938,Total,100,Set with Automated AudioMoth Time Chime,N/A,2024-04-08,16:51:23,18:07:28,18:09:32,18:11:35,19:32:02,2024.1.0,2024 Total Solar Eclipse: ES Data Analysis Site,2024
769,,45.4960044,-70.8933287,Total,100,Set with Automated AudioMoth Time Chime,N/A,2024-04-08,18:17:54,19:28:41,19:30:26,19:32:09,20:38:55,2024.1.0,2024 Total Solar Eclipse: ES Data Analysis Site,2024
770,,40.6855659,-82.6175365,Total,100,Set with Automated AudioMoth Time Chime,N/A,2024-04-08,17:56:57,19:12:06,19:13:43,19:15:20,20:27:39,2024.1.0,2024 Total Solar Eclipse: ES Data Analysis Site,2024
772,,40.398417,-82.416478,Total,100,Set with Automated AudioMoth Time Chime,N/A,2024-04-08,17:56:55,19:13:17,19:13:48,19:14:18,20:27:47,2024.1.0,2024 Total Solar Eclipse: ES Data Analysis Site,2024
779,,40.3737,-82.4061,Total,100,Set with Automated AudioMoth Time Chime,N/A,2024-04-08,17:56:54,19:13:37,19:13:47,19:13:57,20:27:47,2024.1.0,2024 Total Solar Eclipse,2024
782,,41.319283,-80.831393,Total,100,Set with Automated AudioMoth Time Chime,N/A,2024-04-08,18:00:21,19:15:23,19:16:38,19:17:53,20:29:47,2024.1.0,2024 Total Solar Eclipse: ES Data Analysis Site,2024
783,,29.5769118,-98.5677935,Total,100,Set with Automated AudioMoth Time Chime,N/A,2024-04-08,17:14:35,18:33:17,18:34:22,18:35:27,19:55:44,2024.1.0,2024 Total Solar Eclipse: ES Data Analysis Site,2024
786,,41.40948,-81.41458,Total,100,Set with Automated AudioMoth Time Chime,N/A,2024-04-08,17:59:35,19:14:06,19:15:53,19:17:40,20:29:11,2024.1.0,2024 Total Solar Eclipse: ES Data Analysis Site,2024
787,,41.54538,-81.63241,Total,100,Set with Automated AudioMoth Time Chime,N/A,2024-04-08,17:59:24,19:13:46,19:15:41,19:17:35,20:28:58,2024.1.0,2024 Total Solar Eclipse: ES Data Analysis Site,2024
788,,41.36953,-81.60655,Total,100,Set with Automated AudioMoth Time Chime,N/A,2024-04-08,17:59:15,19:13:46,19:15:36,19:17:25,20:28:58,2024.1.0,2024 Total Solar Eclipse: ES Data Analysis Site,2024
791,,39.39719,-96.73761,Partial,83.82,Set with Automated AudioMoth Time Chime,N/A,2024-04-08,17:35:42,0:00:00,18:51:49,0:00:00,20:07:58,2024.0.0,2024 Total Solar Eclipse: ES Data Analysis Site,2024
792,,28.53463,-99.88162,Total,100,Set with Automated AudioMoth Time Chime,N/A,2024-04-08,17:10:40,18:28:50,18:30:21,18:31:51,19:52:05,2024.1.0,2024 Total Solar Eclipse: ES Data Analysis Site,2024
794,,39.806336,-84.9721271,Total,100,Needs to be set manually,10:30:00 AM US Eastern,2024-04-08,17:52:17,19:07:43,19:09:39,19:11:34,20:24:35,2024.1.0,2024 Total Solar Eclipse,2024
795,,39.836701,-84.838096,Total,100,Set with Automated AudioMoth Time Chime,N/A,2024-04-08,17:52:32,19:07:58,19:09:52,19:11:46,20:24:45,2024.1.0,2024 Total Solar Eclipse: ES Data Analysis Site,2024
796,,39.863,-84.872874,Total,100,Set with Automated AudioMoth Time Chime,N/A,2024-04-08,17:52:31,19:07:54,19:09:50,19:11:46,20:24:43,2024.1.0,2024 Total Solar Eclipse ,2024
797,Sounds of Nature,40.61,-89.37,Partial,94.78,Set with Automated AudioMoth Time Chime,N/A,2024-04-08,17:47:07,0:00:00,19:03:58,0:00:00,20:19:17,2024.0.0,2024 Total Solar Eclipse: Sounds of Nature Collection Site: ES Data Analysis Site,2024
798,Sounds of Nature,37.71831,-88.1858,Total,100,Set with Automated AudioMoth Time Chime,N/A,2024-04-08,17:44:28,19:01:06,19:02:49,19:04:32,20:19:26,2024.1.0,2024 Total Solar Eclipse: Sounds of Nature Collection Site: ES Data Analysis Site,2024
800,,30.378841,-97.846125,Total,100,Set with Automated AudioMoth Time Chime,N/A,2024-04-08,17:17:10,18:35:28,18:36:56,18:38:24,19:57:59,2024.1.0,2024 Total Solar Eclipse: ES Data Analysis Site,2024
803,Sounds of Nature,37.53652,-89.2003,Total,100,Set with Automated AudioMoth Time Chime,N/A,2024-04-08,17:42:39,18:59:00,19:01:03,19:03:07,20:17:58,2024.1.0,2024 Total Solar Eclipse: Sounds of Nature Collection Site: ES Data Analysis Site,2024
805,,42.163707,-83.643623,Partial,99.12,Set with Automated AudioMoth Time Chime,N/A,2024-04-08,17:57:14,N/A,19:13:20,N/A,20:26:50,2024.0.0,2024 Total Solar Eclipse,2024
806,,39.755444,-84.352028,Total,100,Set with Automated AudioMoth Time Chime,N/A,2024-04-08,17:53:10,19:08:59,19:10:30,19:12:02,20:25:18,2024.1.0,2024 Total Solar Eclipse: Sounds of Nature Collection Site: ES Data Analysis Site,2024
807,,37.38289,-77.49917,Partial,82.45,Set with Automated AudioMoth Time Chime,N/A,2024-04-08,18:02:08,N/A,19:18:45,N/A,20:31:32,2024.0.0,2024 Total Solar Eclipse ,2024
808,,44.4778,-72.9859,Total,100,Set with Automated AudioMoth Time Chime,N/A,2024-04-08,18:14:28,19:26:21,19:27:55,19:29:28,20:37:26,2024.1.0,2024 Total Solar Eclipse: ES Data Analysis Site,2024
809,,41.42537,-81.16001,Total,100,Set with Automated AudioMoth Time Chime,N/A,2024-04-08,17:59:59,19:14:34,19:16:15,19:17:56,20:29:28,2024.1.0,2024 Total Solar Eclipse: ES Data Analysis Site,2024
810,,43.0127407,-88.3086583,Partial,88.93,Set with Automated AudioMoth Time Chime,N/A,2024-04-08,17:52:09,N/A,19:07:34,N/A,20:21:15,2024.0.0,2024 Total Solar Eclipse: ES Data Analysis Site,2024
811,,43.0111923,-88.3156509,Partial,88.93,Set with Automated AudioMoth Time Chime,N/A,2024-04-08,17:52:09,N/A,19:07:34,N/A,20:21:15,2024.0.0,2024 Total Solar Eclipse ,2024
812,,38.914312,-95.22715,Partial,88.46,Set with Automated AudioMoth Time Chime,N/A,2024-04-08,17:36:38,N/A,18:53:29,N/A,20:10:05,2024.0.0,2024 Total Solar Eclipse ,2024
820,,43.647154,-79.498159,Partial,99.82,Set with Automated AudioMoth Time Chime,N/A,2024-04-08,18:04:43,N/A,19:19:41,N/A,20:31:28,2024.0.0,2024 Total Solar Eclipse: ES Data Analysis Site,2024
828,,42.51349,-72.4854,Partial,94.77,Set with Automated AudioMoth Time Chime,N/A,2024-04-08,18:13:58,N/A,19:28:02,N/A,20:37:54,2024.0.0,2024 Total Solar Eclipse: ES Data Analysis Site,2024
829,,41.014259,-73.872704,Partial,90.88,Needs to be set manually,11:15:00 AM US Eastern,2024-04-08,18:10:54,0:00:00,19:25:47,0:00:00,20:36:30,2024.0.0,2024 Total Solar Eclipse ,2024
830,,39.93093,-83.86388,Total,100,Set with Automated AudioMoth Time Chime,N/A,2024-04-08,17:54:08,19:09:58,19:11:21,19:12:44,20:25:57,2024.1.0,2024 Total Solar Eclipse ,2024
833,,30.22784,-97.89896,Total,100,Set with Automated AudioMoth Time Chime,N/A,2024-04-08,17:16:49,18:35:22,18:36:36,18:37:50,19:57:42,2024.1.0,2024 Total Solar Eclipse: ES Data Analysis Site,2024
834,,30.148453,-97.861088,Total,100,Set with Automated AudioMoth Time Chime,N/A,2024-04-08,17:16:43,18:35:40,18:36:32,18:37:23,19:57:40,2024.1.0,2024 Total Solar Eclipse: ES Data Analysis Site,2024
835,,39.56209,-84.74814,Total,100,Set with Automated AudioMoth Time Chime,N/A,2024-04-08,17:52:19,19:08:13,19:09:46,19:11:19,20:24:45,2024.1.0,2024 Total Solar Eclipse: ES Data Analysis Site,2024
836,,40.2268622,-82.9787107,Total,100,Set with Automated AudioMoth Time Chime,N/A,2024-04-08,17:55:51,19:11:52,19:12:52,19:13:51,20:27:05,2024.1.0,2024 Total Solar Eclipse: ES Data Analysis Site,2024
837,,39.81412,-84.36908,Total,100,Set with Automated AudioMoth Time Chime,N/A,2024-04-08,17:53:13,19:08:54,19:10:32,19:12:09,20:25:18,2024.1.0,2024 Total Solar Eclipse: ES Data Analysis Site,2024
838,,45.26248137,-69.17431401,Total,100,Set with Automated AudioMoth Time Chime,N/A,2024-04-08,18:20:03,19:31:19,19:32:16,19:33:12,20:40:16,2024.1.0,2024 Total Solar Eclipse: ES Data Analysis Site,2024
839,,45.177662,-72.71201,Total,100,Needs to be set manually,11:29:00 AM US Eastern,2024-04-08,18:15:17,19:26:39,19:28:22,19:30:04,20:37:33,2024.1.0,2024 Total Solar Eclipse ,2024
841,,45.52347,-73.56863,Total,100,Needs to be set manually,7:40:00 AM US Eastern,2024-04-08,18:14:23,19:26:53,19:27:27,19:28:01,20:36:46,2024.1.0,2024 Total Solar Eclipse ,2024
842,,29.8577,-98.1949,Total,100,Set with Automated AudioMoth Time Chime,N/A,2024-04-08,17:15:40,18:34:36,18:35:29,18:36:22,19:56:44,2024.1.0,2024 Total Solar Eclipse: ES Data Analysis Site,2024
843,,44.7284033,-72.7542825,Total,100,Set with Automated AudioMoth Time Chime,N/A,2024-04-08,18:14:56,19:26:32,19:28:14,19:29:56,20:37:35,2024.1.0,2024 Total Solar Eclipse: ES Data Analysis Site,2024
845,Sounds of Nature,38.640373,-89.097176,Total,100,Set with Automated AudioMoth Time Chime,N/A,2024-04-08,17:44:29,19:01:18,19:02:24,19:03:30,20:18:46,2024.1.0,2024 Total Solar Eclipse: Sounds of Nature Collection Site: ES Data Analysis Site,2024
846,,23.2487036,-106.449954,Total,100,Set with Automated AudioMoth Time Chime,N/A,2024-04-08,16:51:19,18:07:22,18:09:29,18:11:36,19:32:01,2024.1.0,2024 Total Solar Eclipse: ES Data Analysis Site,2024
847,,43.0539,-79.13847,Total,100,Set with Automated AudioMoth Time Chime,N/A,2024-04-08,18:04:38,19:18:06,19:19:52,19:21:37,20:31:49,2024.1.0,2024 Total Solar Eclipse: ES Data Analysis Site,2024
849,,41.60848,-82.68669,Total,100,Set with Automated AudioMoth Time Chime,N/A,2024-04-08,17:57:56,19:12:31,19:14:16,19:16:01,20:27:49,2024.1.0,2024 Total Solar Eclipse: ES Data Analysis Site,2024
850,,30.44139,-99.80474,Total,100,Set with Automated AudioMoth Time Chime,N/A,2024-04-08,17:14:30,18:32:13,18:33:47,18:35:22,19:54:50,2024.1.0,2024 Total Solar Eclipse: ES Data Analysis Site,2024
862,,40.7270198,-81.9699569,Total,100,Needs to be set manually,10:13:00 AM US Eastern,2024-04-08,17:57:59,19:13:36,19:14:40,19:15:43,20:28:23,2024.1.0,2024 Total Solar Eclipse: ES Data Analysis Site,2024
863,,44.773181,-71.128097,Total,100,Needs to be set manually,11:37:00 AM US Eastern,2024-04-08,18:17:11,19:29:00,19:30:05,19:31:10,20:38:53,2024.1.0,2024 Total Solar Eclipse: ES Data Analysis Site,2024
865,,32.5413804,-97.2668452,Total,100,Set with Automated AudioMoth Time Chime,N/A,2024-04-08,17:22:05,18:39:40,18:41:24,18:43:08,20:01:34,2024.1.0,2024 Total Solar Eclipse: ES Data Analysis Site,2024
870,,41.407742,-71.8148763,Partial,89.8,Set with Automated AudioMoth Time Chime,N/A,2024-04-08,18:14:22,N/A,19:28:32,N/A,20:38:19,2024.0.0,2024 Total Solar Eclipse,2024
872,,34.75144,-92.28925,Total,100,Set with Automated AudioMoth Time Chime,N/A,2024-04-08,17:33:26,18:51:28,18:52:45,18:54:01,20:11:27,2024.1.0,2024 Total Solar Eclipse,2024
874,,32.77622,-97.09121,Total,100,Set with Automated AudioMoth Time Chime,N/A,2024-04-08,17:22:47,18:40:27,18:42:03,18:43:39,20:02:06,2024.1.0,2024 Total Solar Eclipse ,2024
876,,36.77501,-90.93178,Total,100,Set with Automated AudioMoth Time Chime,N/A,2024-04-08,17:38:50,18:55:25,18:57:29,18:59:33,20:15:04,2024.1.0,2024 Total Solar Eclipse: ES Data Analysis Site,2024
877,,36.8068494,-90.5477812,Total,100,Set with Automated AudioMoth Time Chime,N/A,2024-04-08,17:39:28,18:56:01,18:58:07,19:00:13,20:15:38,2024.1.0,2024 Total Solar Eclipse: ES Data Analysis Site,2024
878,,36.8949341,-90.3967577,Total,100,Set with Automated AudioMoth Time Chime,N/A,2024-04-08,17:39:50,18:56:22,18:58:28,19:00:33,20:15:54,2024.1.0,2024 Total Solar Eclipse: ES Data Analysis Site,2024
881,,37.284,-89.1653,Total,100,Set with Automated AudioMoth Time Chime,N/A,2024-04-08,17:42:19,18:58:55,19:00:50,19:02:44,20:17:51,2024.1.0,2024 Total Solar Eclipse: ES Data Analysis Site,2024
883,,36.7894841,-90.41492,Total,100,Set with Automated AudioMoth Time Chime,N/A,2024-04-08,17:39:38,18:56:14,18:58:19,19:00:23,20:15:48,2024.1.0,2024 Total Solar Eclipse: ES Data Analysis Site,2024
890,,41.139588,-81.4442947,Total,100,Needs to be set manually,12:04:00 PM US Eastern,2024-04-08,17:59:14,19:14:13,19:15:40,19:17:08,20:29:05,2024.1.0,2024 Total Solar Eclipse: ES Data Analysis Site,2024
891,,41.138799,-81.4425,Total,100,Set with Automated AudioMoth Time Chime,N/A,2024-04-08,17:59:14,19:14:13,19:15:41,19:17:08,20:29:05,2024.1.0,2024 Total Solar Eclipse: ES Data Analysis Site,2024
895,,34.57056,-94.27029,Total,100,Set with Automated AudioMoth Time Chime,N/A,2024-04-08,17:30:08,18:47:15,18:49:18,18:51:20,20:08:21,2024.1.0,2024 Total Solar Eclipse: ES Data Analysis Site,2024
900,,31.057,-97.9195,Total,100,Set with Automated AudioMoth Time Chime,N/A,2024-04-08,17:18:21,18:35:46,18:37:56,18:40:07,19:58:44,2024.1.0,2024 Total Solar Eclipse: ES Data Analysis Site,2024
901,Portage Lakes State Park,40.96383,-81.55973,Total,100,Needs to be set manually,9:34:00 AM US Eastern,2024-04-08,17:58:52,19:14:12,19:15:24,19:16:35,20:28:54,2024.1.0,2024 Total Solar Eclipse: State Park Collection Site,2024
902,Findley State Park,41.13541,-82.21573,Total,100,Set with Automated AudioMoth Time Chime,N/A,2024-04-08,17:58:04,19:12:44,19:14:36,19:16:27,20:28:14,2024.1.0,2024 Total Solar Eclipse: State Park Collection Site: ES Data Analysis Site,2024
903,Wingfort Lake State Park,41.01536,-81.35731,Total,100,Set with Automated AudioMoth Time Chime,N/A,2024-04-08,17:59:14,19:14:38,19:15:43,19:16:47,20:29:09,2024.1.0,2024 Total Solar Eclipse: State Park Collection Site: ES Data Analysis Site,2024
905,,42.42045,-71.2371,Partial,92.99,Set with Automated AudioMoth Time Chime,N/A,2024-04-08,18:15:46,0:00:00,19:29:31,0:00:00,20:38:55,2024.0.0,2024 Total Solar Eclipse ,2024
906,,42.10508,-79.4981,Total,100,Set with Automated AudioMoth Time Chime,N/A,2024-04-08,18:03:10,19:17:17,19:18:54,19:20:31,20:31:21,2024.1.0,2024 Total Solar Eclipse: ES Data Analysis Site,2024
907,,44.5064115,-74.9499764,Total,100,Set with Automated AudioMoth Time Chime,N/A,2024-04-08,18:11:47,19:23:53,19:25:37,19:27:21,20:35:45,2024.1.0,2024 Total Solar Eclipse ,2024
910,,42.8435434,-76.9886943,Total,100,Set with Automated AudioMoth Time Chime,N/A,2024-04-08,18:07:32,19:21:25,19:22:32,19:23:39,20:33:55,2024.1.0,2024 Total Solar Eclipse: ES Data Analysis Site,2024
912,,42.0729086,-71.450002,Partial,91.91,Set with Automated AudioMoth Time Chime,N/A,2024-04-08,18:15:17,N/A,19:29:10,N/A,20:38:43,2024.0.0,2024 Total Solar Eclipse: ES Data Analysis Site,2024
913,,30.149681,-98.0432689,Total,100,Set with Automated AudioMoth Time Chime,N/A,2024-04-08,17:16:27,18:34:52,18:36:13,18:37:35,19:57:22,2024.1.0,2024 Total Solar Eclipse: ES Data Analysis Site,2024
914,,32.55141,-97.09196,Total,100,Set with Automated AudioMoth Time Chime,N/A,2024-04-08,17:22:21,18:39:48,18:41:42,18:43:36,20:01:51,2024.1.0,2024 Total Solar Eclipse: ES Data Analysis Site,2024
916,,43.07334702,-77.81481803,Total,100,Set with Automated AudioMoth Time Chime,N/A,2024-04-08,18:06:33,19:19:45,19:21:34,19:23:24,20:33:08,2024.1.0,2024 Total Solar Eclipse: ES Data Analysis Site,2024
917,,42.02661947,-74.18379146,Partial,95.03,Set with Automated AudioMoth Time Chime,N/A,2024-04-08,18:11:05,N/A,19:25:46,N/A,20:36:24,2024.0.0,2024 Total Solar Eclipse: ES Data Analysis Site,2024
918,,29.8022951,-98.3969175,Total,100,Set with Automated AudioMoth Time Chime,N/A,2024-04-08,17:15:16,18:33:46,18:35:03,18:36:19,19:56:19,2024.1.0,2024 Total Solar Eclipse: ES Data Analysis Site,2024
919,,43.99088,-69.63999,Partial,97.11,Set with Automated AudioMoth Time Chime,N/A,2024-04-08,18:18:50,N/A,19:31:39,N/A,20:40:07,2024.0.0,2024 Total Solar Eclipse: ES Data Analysis Site,2024
920,,43.18657,-77.75444,Total,100,Set with Automated AudioMoth Time Chime,N/A,2024-04-08,18:06:44,19:19:51,19:21:42,19:23:33,20:33:11,2024.1.0,Eclipse: Soundscapes: 2024 Total Solar Eclipse: ,2024
921,,37.69564,-89.31541,Total,100,Set with Automated AudioMoth Time Chime,N/A,2024-04-08,17:42:43,18:58:59,19:01:03,19:03:07,20:17:55,2024.1.0,2024 Total Solar Eclipse: ES Data Analysis Site,2024
922,,44.347197,-72.993761,Total,100,Set with Automated AudioMoth Time Chime,N/A,2024-04-08,18:14:22,19:26:30,19:27:53,19:29:15,20:37:26,2024.1.0,2024 Total Solar Eclipse: ES Data Analysis Site,2024
923,,38.03153,-78.52409,Partial,86.49,Set with Automated AudioMoth Time Chime,N/A,2024-04-08,18:00:52,N/A,19:17:42,N/A,20:30:54,2024.0.0,2024 Total Solar Eclipse: ES Data Analysis Site,2024
926,,43.5687744,-71.7461471,Partial,97.73,Set with Automated AudioMoth Time Chime,N/A,2024-04-08,18:15:39,N/A,19:29:10,N/A,20:38:31,2024.0.0,2024 Total Solar Eclipse: ES Data Analysis Site,2024
928,,30.5624642,-97.7755493,Total,100,Set with Automated AudioMoth Time Chime,N/A,2024-04-08,17:17:37,18:35:41,18:37:22,18:39:03,19:58:21,2024.1.0,2024 Total Solar Eclipse: ES Data Analysis Site,2024
929,,38.49779,-88.26842,Total,100,Set with Automated AudioMoth Time Chime,N/A,2024-04-08,17:45:30,19:01:31,19:03:30,19:05:30,20:19:48,2024.1.0,2024 Total Solar Eclipse: ES Data Analysis Site,2024
930,,38.48962,-88.25138,Total,100,Set with Automated AudioMoth Time Chime,N/A,2024-04-08,17:45:31,19:01:31,19:03:32,19:05:31,20:19:49,2024.1.0,2024 Total Solar Eclipse: ES Data Analysis Site,2024
933,,42.62369369,-78.5394427,Total,100,Set with Automated AudioMoth Time Chime,N/A,2024-04-08,18:05:04,19:18:42,19:20:26,19:22:10,20:32:23,2024.1.0,2024 Total Solar Eclipse: ES Data Analysis Site,2024
936,,41.53953,-81.32313,Total,100,Set with Automated AudioMoth Time Chime,N/A,2024-04-08,17:59:52,19:14:15,19:16:06,19:17:57,20:29:18,2024.1.0,2024 Total Solar Eclipse ,2024
937,,36.97123,-90.2074,Total,100,Set with Automated AudioMoth Time Chime,N/A,2024-04-08,17:40:14,18:56:46,18:58:51,19:00:56,20:16:13,2024.1.0,2024 Total Solar Eclipse: ES Data Analysis Site,2024
938,,41.32766,-85.69758,Partial,98.66,Set with Automated AudioMoth Time Chime,N/A,2024-04-08,17:53:15,N/A,19:09:51,N/A,20:24:13,2024.0.0,2024 Total Solar Eclipse: ES Data Analysis Site,2024
940,,30.671389,-96.301389,Partial,98.7,Set with Automated AudioMoth Time Chime,N/A,2024-04-08,17:20:03,N/A,18:40:01,N/A,20:00:50,2024.0.0, 2024 Total Solar Eclipse ,2024
944,,40.6076191,-82.3056,Total,100,Set with Automated AudioMoth Time Chime,N/A,2024-04-08,17:57:20,19:12:56,19:14:06,19:15:16,20:27:58,2024.1.0,2024 Total Solar Eclipse: ES Data Analysis Site,2024
945,,41.4565013,-81.2047232,Total,100,Set with Automated AudioMoth Time Chime,N/A,2024-04-08,17:59:57,19:14:28,19:16:13,19:17:57,20:29:25,2024.1.0,2024 Total Solar Eclipse: ES Data Analysis Site,2024
948,,41.6651,-83.6749,Total,100,Set with Automated AudioMoth Time Chime,N/A,2024-04-08,17:56:34,19:12:28,19:12:56,19:13:25,20:26:42,2024.1.0,2024 Total Solar Eclipse ,2024
952,,29.5291458,-99.6894972,Total,100,Set with Automated AudioMoth Time Chime,N/A,2024-04-08,17:12:52,18:30:12,18:32:25,18:34:37,19:53:49,2024.1.0,2024 Total Solar Eclipse: ES Data Analysis Site,2024
953,,39.403308,-86.315939,Total,100,Set with Automated AudioMoth Time Chime,N/A,2024-04-08,17:49:43,19:05:18,19:07:19,19:09:20,20:22:45,2024.1.0,2024 Total Solar Eclipse: ES Data Analysis Site,2024
957,,42.4540743,-79.3371685,Total,100,Set with Automated AudioMoth Time Chime,N/A,2024-04-08,18:03:45,19:17:27,19:19:18,19:21:09,20:31:33,2024.1.0,2024 Total Solar Eclipse: ES Data Analysis Site,2024
958,,44.69318,-73.29719,Total,100,Needs to be set manually,8:35:00 AM US Eastern,2024-04-08,18:14:10,19:25:50,19:27:36,19:29:22,20:37:09,2024.1.0,2024 Total Solar Eclipse ,2024
960,,34.756604,-92.429643,Total,100,Set with Automated AudioMoth Time Chime,N/A,2024-04-08,17:33:14,18:51:01,18:52:32,18:54:02,20:11:15,2024.1.0,Eclipse: Soundscapes: 2024 Total Solar Eclipse: ,2024
961,,33.21220014,-96.58427877,Total,100,Set with Automated AudioMoth Time Chime,N/A,2024-04-08,17:24:19,18:42:00,18:43:33,18:45:07,20:03:23,2024.1.0,2024 Total Solar Eclipse: ES Data Analysis Site,2024
962,Sounds of Nature,37.60759,-89.2466,Total,100,Set with Automated AudioMoth Time Chime,N/A,2024-04-08,17:42:41,18:58:59,19:01:04,19:03:08,20:17:57,2024.1.0,2024 Total Solar Eclipse: Sounds of Nature Collection Site: ES Data Analysis Site,2024
001,ARISA Lab: Hot Springs National Park,34.53804,-93.03621,Total,100,Set with Automated AudioMoth Time Chime,N/A,2024-04-08,17:31:56,18:49:24,18:51:15,18:53:05,20:10:10,2024.1.0,2024 Total Solar Eclipse: ES Team Collection Site: NPS Collection Site,2024
002,Cuyahoga Valley National Park,41.2124,-81.5759,Total,100,Set with Automated AudioMoth Time Chime,N/A,2024-04-08,17:59:07,19:13:53,19:15:32,19:17:12,20:28:57,2024.1.0,2024 Total Solar Eclipse: ES Data Analysis Site: NPS Collection Site,2024
